period,ISNE,NYIS,PJM
2019-01-01,52615,43911,
2019-01-02,46148,53503,
2019-01-03,37203,58618,
2019-01-04,46862,57672,
2019-01-05,52435,62824,
2019-01-06,52376,52781,
2019-01-07,58333,63044,
2019-01-08,48091,55955,
2019-01-09,54079,55674,
2019-01-10,51895,54014,
2019-01-11,49938,51966,
2019-01-12,45895,55937,
2019-01-13,43106,52283,
2019-01-14,41069,42661,
2019-01-15,41356,54916,
2019-01-16,42059,53764,
2019-01-17,45423,39696,
2019-01-18,39355,45933,
2019-01-19,43991,28911,
2019-01-20,41872,41832,
2019-01-21,47746,34434,
2019-01-22,45551,39068,
2019-01-23,41377,50273,
2019-01-24,55343,58101,
2019-01-25,55982,57683,
2019-01-26,48799,57216,
2019-01-27,49550,58712,
2019-01-28,61232,49654,
2019-01-29,47650,55198,
2019-01-30,53091,60197,
2019-01-31,54904,45107,
2019-02-01,52613,55691,
2019-02-02,52949,63862,
2019-02-03,53320,64065,
2019-02-04,48614,63888,
2019-02-05,51600,50720,
2019-02-06,51642,38627,
2019-02-07,50910,44160,
2019-02-08,47494,43474,
2019-02-09,51029,51407,
2019-02-10,48355,50477,
2019-02-11,49163,64209,
2019-02-12,37885,46846,
2019-02-13,44391,59619,
2019-02-14,43262,58034,
2019-02-15,39531,56498,
2019-02-16,48350,46626,
2019-02-17,54282,52580,
2019-02-18,44441,57251,
2019-02-19,47979,54155,
2019-02-20,38726,59342,
2019-02-21,36231,44567,
2019-02-22,42477,50431,
2019-02-23,42986,56620,
2019-02-24,39076,42784,
2019-02-25,47682,51574,
2019-02-26,42548,54061,
2019-02-27,41286,49649,
2019-02-28,39299,53834,
2019-03-01,41669,53046,
2019-03-02,42496,46949,
2019-03-03,43752,47697,
2019-03-04,41506,51736,
2019-03-05,41988,55353,
2019-03-06,38263,50812,
2019-03-07,40216,55775,
2019-03-08,41433,57954,
2019-03-09,46865,52923,
2019-03-10,40599,44607,
2019-03-11,47421,46147,
2019-03-12,45840,48673,
2019-03-13,46921,47452,
2019-03-14,45185,45859,
2019-03-15,48198,43532,
2019-03-16,50470,44450,
2019-03-17,50324,53620,
2019-03-18,46813,59629,
2019-03-19,41726,57499,
2019-03-20,43249,62974,
2019-03-21,50889,59275,
2019-03-22,51394,63288,
2019-03-23,53038,49247,
2019-03-24,53059,53456,
2019-03-25,45668,50314,
2019-03-26,44993,51996,
2019-03-27,43890,55973,
2019-03-28,46982,59346,
2019-03-29,47976,55269,
2019-03-30,48815,44670,
2019-03-31,48361,48328,
2019-04-01,48384,57644,
2019-04-02,50119,57560,
2019-04-03,46915,45791,
2019-04-04,48462,39045,
2019-04-05,49743,45113,
2019-04-06,44921,43333,
2019-04-07,45138,49737,
2019-04-08,35799,41715,
2019-04-09,32927,40648,
2019-04-10,37726,45945,
2019-04-11,40607,53122,
2019-04-12,43863,54862,
2019-04-13,47186,30942,
2019-04-14,43450,41649,
2019-04-15,42308,44387,
2019-04-16,40409,39616,
2019-04-17,43386,56349,
2019-04-18,40377,47136,
2019-04-19,43084,58022,
2019-04-20,40453,41505,
2019-04-21,42987,47374,
2019-04-22,38140,52297,
2019-04-23,36908,56074,
2019-04-24,33452,39058,
2019-04-25,35900,41020,
2019-04-26,35825,38019,
2019-04-27,44726,34292,
2019-04-28,43058,42231,
2019-04-29,45688,52621,
2019-04-30,43067,45958,
2019-05-01,42491,51346,
2019-05-02,38570,38451,
2019-05-03,41257,37158,
2019-05-04,41905,36218,
2019-05-05,41731,49296,
2019-05-06,40702,42540,
2019-05-07,41614,37023,
2019-05-08,43243,44986,
2019-05-09,41403,41120,
2019-05-10,39425,38770,
2019-05-11,39335,22332,
2019-05-12,42646,43458,
2019-05-13,38673,40433,
2019-05-14,41721,48632,
2019-05-15,44592,47666,
2019-05-16,47199,46487,
2019-05-17,44359,41925,
2019-05-18,50224,33965,
2019-05-19,45747,50913,
2019-05-20,44991,46969,
2019-05-21,41777,35994,
2019-05-22,49473,45294,
2019-05-23,47675,52057,
2019-05-24,49230,43133,
2019-05-25,43669,37309,
2019-05-26,43365,44769,
2019-05-27,40456,44216,
2019-05-28,40720,49999,
2019-05-29,44507,50025,
2019-05-30,31694,42221,
2019-05-31,43135,47868,
2019-06-01,37711,53260,
2019-06-02,41414,50851,
2019-06-03,36499,38576,
2019-06-04,34310,43218,
2019-06-05,36310,41543,
2019-06-06,38453,51080,
2019-06-07,39256,46755,
2019-06-08,40119,45387,
2019-06-09,40468,59017,
2019-06-10,38597,62322,
2019-06-11,38532,56375,
2019-06-12,43642,58025,
2019-06-13,39231,56448,
2019-06-14,42239,55724,
2019-06-15,41211,53000,
2019-06-16,48302,57063,
2019-06-17,48690,64938,
2019-06-18,50633,57917,
2019-06-19,50207,52363,
2019-06-20,49881,56578,
2019-06-21,50029,59788,
2019-06-22,56615,57043,
2019-06-23,55531,54931,
2019-06-24,50501,54735,
2019-06-25,44162,52701,
2019-06-26,52453,53225,
2019-06-27,58555,49690,
2019-06-28,56868,51052,
2019-06-29,53416,53326,
2019-06-30,49242,58469,
2019-07-01,55947,56716,
2019-07-02,46046,55118,
2019-07-03,54826,57856,
2019-07-04,49503,60664,
2019-07-05,52109,60950,
2019-07-06,51918,64547,
2019-07-07,54232,65291,
2019-07-08,47486,60369,
2019-07-09,52319,55992,
2019-07-10,44984,54780,
2019-07-11,53298,50096,
2019-07-12,54809,52841,
2019-07-13,46045,69620,
2019-07-14,42130,70833,
2019-07-15,52139,66757,
2019-07-16,53461,65556,
2019-07-17,54840,51100,
2019-07-18,64493,61603,
2019-07-19,63731,56809,
2019-07-20,57937,54602,
2019-07-21,59341,53371,
2019-07-22,56611,57174,
2019-07-23,62516,60732,
2019-07-24,63154,59625,
2019-07-25,60945,57565,
2019-07-26,54849,49961,
2019-07-27,66764,36840,
2019-07-28,54296,61869,
2019-07-29,53852,63867,
2019-07-30,56986,63273,
2019-07-31,61204,59712,
2019-08-01,64972,56177,
2019-08-02,65544,56731,
2019-08-03,62835,24824,
2019-08-04,63147,53061,
2019-08-05,65020,55534,
2019-08-06,58920,53454,
2019-08-07,63024,50578,
2019-08-08,65047,53938,
2019-08-09,59742,55219,
2019-08-10,49843,54939,
2019-08-11,56560,54260,
2019-08-12,60186,49839,
2019-08-13,57003,53719,
2019-08-14,47966,55882,
2019-08-15,49846,55833,
2019-08-16,49603,53232,
2019-08-17,45508,54196,
2019-08-18,44647,54827,
2019-08-19,42829,48368,
2019-08-20,55282,51244,
2019-08-21,56130,49578,
2019-08-22,54294,55716,
2019-08-23,52764,54494,
2019-08-24,59699,52391,
2019-08-25,55048,53667,
2019-08-26,52769,56208,
2019-08-27,54886,53554,
2019-08-28,56919,53573,
2019-08-29,54280,53506,
2019-08-30,56104,53327,
2019-08-31,52191,55435,
2019-09-01,48495,49189,
2019-09-02,50838,49145,
2019-09-03,48356,35015,
2019-09-04,51836,42188,
2019-09-05,60030,45669,
2019-09-06,55368,46206,
2019-09-07,58528,49763,
2019-09-08,59636,53906,
2019-09-09,51074,53808,
2019-09-10,53610,52576,
2019-09-11,53152,44820,
2019-09-12,48760,47666,
2019-09-13,49266,40694,
2019-09-14,52858,41891,
2019-09-15,43368,48746,
2019-09-16,30626,43252,
2019-09-17,43429,42341,
2019-09-18,53223,47870,
2019-09-19,50981,44655,
2019-09-20,51307,48158,
2019-09-21,60904,45928,
2019-09-22,59437,50933,
2019-09-23,55502,52646,
2019-09-24,56875,51104,
2019-09-25,54703,54065,
2019-09-26,45029,51392,
2019-09-27,52067,52952,
2019-09-28,45026,49513,
2019-09-29,55107,51489,
2019-09-30,23055,48166,
2019-10-01,14535,42627,
2019-10-02,19336,47540,
2019-10-03,18380,43145,
2019-10-04,15379,44687,
2019-10-05,17149,42135,
2019-10-06,13689,37378,
2019-10-07,17653,36337,
2019-10-08,16205,33968,
2019-10-09,12450,37693,
2019-10-10,11249,37295,
2019-10-11,11401,41120,
2019-10-12,12978,16323,
2019-10-13,16357,15284,
2019-10-14,30458,14293,
2019-10-15,38878,12754,
2019-10-16,34272,14480,
2019-10-17,41203,12314,
2019-10-18,39505,14172,
2019-10-19,47419,17111,
2019-10-20,41203,17331,
2019-10-21,46459,14446,
2019-10-22,47007,14386,
2019-10-23,51980,29339,
2019-10-24,49605,36542,
2019-10-25,58399,37214,
2019-10-26,53073,39646,
2019-10-27,44557,33667,
2019-10-28,43824,35214,
2019-10-29,46291,33288,
2019-10-30,50807,38224,
2019-10-31,49215,37779,
2019-11-01,52016,31657,
2019-11-02,50394,41281,
2019-11-03,49646,41581,
2019-11-04,53574,40104,
2019-11-05,52117,44957,
2019-11-06,55144,33681,
2019-11-07,50924,33308,
2019-11-08,51149,32035,
2019-11-09,47757,35052,
2019-11-10,51496,25842,
2019-11-11,47638,34373,
2019-11-12,50651,39010,
2019-11-13,49390,41887,
2019-11-14,45759,50236,
2019-11-15,48515,47689,
2019-11-16,57791,45898,
2019-11-17,45141,45317,
2019-11-18,42409,44112,
2019-11-19,46120,47325,
2019-11-20,48275,44674,
2019-11-21,45684,51633,
2019-11-22,42935,34400,
2019-11-23,46591,46578,
2019-11-24,44575,49803,
2019-11-25,46989,47546,
2019-11-26,38833,45609,
2019-11-27,46801,46209,
2019-11-28,43401,40849,
2019-11-29,45122,39634,
2019-11-30,41943,50424,
2019-12-01,41069,41117,
2019-12-02,44173,53604,
2019-12-03,46865,55988,
2019-12-04,45839,56650,
2019-12-05,38968,53962,
2019-12-06,46845,51141,
2019-12-07,46009,42921,
2019-12-08,44260,39921,
2019-12-09,51065,42381,
2019-12-10,47986,35298,
2019-12-11,51133,40850,
2019-12-12,51012,49348,
2019-12-13,40840,48111,
2019-12-14,51338,38883,
2019-12-15,51542,34002,
2019-12-16,48817,43253,
2019-12-17,49731,49333,
2019-12-18,43733,54606,
2019-12-19,53737,43589,
2019-12-20,54137,50315,
2019-12-21,48816,47041,
2019-12-22,47793,44646,
2019-12-23,44615,41199,
2019-12-24,49730,40642,
2019-12-25,50035,24883,
2019-12-26,47495,43130,
2019-12-27,41022,34666,
2019-12-28,51561,29707,
2019-12-29,52802,39643,
2019-12-30,47485,41695,
2019-12-31,45978,47499,
2020-01-01,47649,44617,
2020-01-02,48295,47073,
2020-01-03,44009,45686,
2020-01-04,45481,53370,
2020-01-05,47716,58503,
2020-01-06,39335,54454,
2020-01-07,41666,56959,
2020-01-08,39082,54613,
2020-01-09,41163,55752,
2020-01-10,38009,42874,
2020-01-11,44472,38008,
2020-01-12,41906,34089,
2020-01-13,34423,42369,
2020-01-14,33346,46993,
2020-01-15,33329,47274,
2020-01-16,34986,49015,
2020-01-17,43607,41276,
2020-01-18,36782,46485,
2020-01-19,40338,43974,
2020-01-20,42639,43101,
2020-01-21,34554,48285,
2020-01-22,33387,53120,
2020-01-23,38494,51782,
2020-01-24,36993,57641,
2020-01-25,38010,42260,
2020-01-26,42318,46596,
2020-01-27,40254,56326,
2020-01-28,52618,57124,
2020-01-29,44738,55614,
2020-01-30,38734,52821,
2020-01-31,41852,54327,
2020-02-01,38844,60254,
2020-02-02,46382,67644,
2020-02-03,48171,58423,
2020-02-04,43785,52414,
2020-02-05,45331,56476,
2020-02-06,38459,63248,
2020-02-07,44780,63322,
2020-02-08,45827,53437,
2020-02-09,38525,52738,
2020-02-10,43368,56053,
2020-02-11,47202,59127,
2020-02-12,44365,57600,
2020-02-13,42859,59410,
2020-02-14,39603,46434,
2020-02-15,34814,57094,
2020-02-16,39929,45601,
2020-02-17,44470,54249,
2020-02-18,37187,51673,
2020-02-19,43333,46734,
2020-02-20,39712,55595,
2020-02-21,35659,58737,
2020-02-22,38302,45430,
2020-02-23,33738,49608,
2020-02-24,39591,49703,
2020-02-25,42969,58223,
2020-02-26,39713,50469,
2020-02-27,39929,45531,
2020-02-28,40810,43915,
2020-02-29,35551,45530,
2020-03-01,37077,49029,
2020-03-02,38105,18091,
2020-03-03,40226,8435,
2020-03-04,48617,6999,
2020-03-05,56257,22782,
2020-03-06,48406,48098,
2020-03-07,47169,42855,
2020-03-08,37289,44111,
2020-03-09,37687,41378,
2020-03-10,36165,34314,
2020-03-11,42860,40952,
2020-03-12,41791,48226,
2020-03-13,41266,44443,
2020-03-14,48768,42757,
2020-03-15,51657,47938,
2020-03-16,47847,42708,
2020-03-17,45139,49551,
2020-03-18,49272,40276,
2020-03-19,49249,41747,
2020-03-20,47644,47489,
2020-03-21,44241,37496,
2020-03-22,49119,43407,
2020-03-23,47156,41848,
2020-03-24,52558,49143,
2020-03-25,50752,48638,
2020-03-26,49151,51724,
2020-03-27,47965,38131,
2020-03-28,51147,51251,
2020-03-29,45162,54286,
2020-03-30,45376,57631,
2020-03-31,55852,45526,
2020-04-01,50287,54356,
2020-04-02,54608,62184,
2020-04-03,54102,57618,
2020-04-04,54479,52046,
2020-04-05,50116,51660,
2020-04-06,43720,55483,
2020-04-07,38702,56263,
2020-04-08,38626,52027,
2020-04-09,39100,56241,
2020-04-10,42322,54505,
2020-04-11,40499,54057,
2020-04-12,38946,54936,
2020-04-13,38694,47277,
2020-04-14,42494,52867,
2020-04-15,39409,43439,
2020-04-16,37821,45059,
2020-04-17,37837,43667,
2020-04-18,41350,52273,
2020-04-19,42348,45459,
2020-04-20,43716,59462,
2020-04-21,40771,50517,
2020-04-22,41858,37034,
2020-04-23,43927,55783,
2020-04-24,44002,62607,
2020-04-25,44703,62489,
2020-04-26,44180,56164,
2020-04-27,45237,60851,
2020-04-28,42274,62906,
2020-04-29,38986,49453,
2020-04-30,40574,46671,
2020-05-01,41210,53761,
2020-05-02,38209,45211,
2020-05-03,35954,43263,
2020-05-04,35387,43663,
2020-05-05,37065,43847,
2020-05-06,42278,53301,
2020-05-07,38727,55009,
2020-05-08,40896,53290,
2020-05-09,41420,44700,
2020-05-10,43869,45919,
2020-05-11,55212,52887,
2020-05-12,49210,51447,
2020-05-13,55728,39735,
2020-05-14,49068,51368,
2020-05-15,46356,42424,
2020-05-16,50291,49931,
2020-05-17,52266,50730,
2020-05-18,52087,48762,
2020-05-19,53823,50595,
2020-05-20,50899,50720,
2020-05-21,59185,46423,
2020-05-22,56721,44246,
2020-05-23,52909,43252,
2020-05-24,48380,41161,
2020-05-25,53004,27956,
2020-05-26,60373,37494,
2020-05-27,53380,45655,
2020-05-28,63650,40801,
2020-05-29,53279,49515,
2020-05-30,36196,41661,
2020-05-31,44740,35644,
2020-06-01,35213,46523,
2020-06-02,33518,43748,
2020-06-03,35393,43981,
2020-06-04,47235,46821,
2020-06-05,50859,49290,
2020-06-06,49404,54696,
2020-06-07,47946,53398,
2020-06-08,50826,49768,
2020-06-09,49992,48891,
2020-06-10,50725,53804,
2020-06-11,51106,55713,
2020-06-12,45889,54182,
2020-06-13,41565,54078,
2020-06-14,40044,51494,
2020-06-15,42301,50732,
2020-06-16,47893,49678,
2020-06-17,49631,47340,
2020-06-18,49964,47244,
2020-06-19,52583,44178,
2020-06-20,52975,45398,
2020-06-21,54308,53504,
2020-06-22,49241,47043,
2020-06-23,47570,56793,
2020-06-24,38955,56007,
2020-06-25,39974,50037,
2020-06-26,45634,52813,
2020-06-27,48643,40687,
2020-06-28,48467,41775,
2020-06-29,52864,44921,
2020-06-30,50860,41438,
2020-07-01,52446,50893,
2020-07-02,49521,50820,
2020-07-03,51883,55451,
2020-07-04,51273,54151,
2020-07-05,49256,54477,
2020-07-06,43970,51922,
2020-07-07,43109,42840,
2020-07-08,49853,44380,
2020-07-09,49286,43635,
2020-07-10,46734,41009,
2020-07-11,55303,50661,
2020-07-12,52485,54267,
2020-07-13,49879,51274,
2020-07-14,55738,49995,
2020-07-15,43787,49468,
2020-07-16,45130,49819,
2020-07-17,45342,45188,
2020-07-18,44511,52233,
2020-07-19,44936,56154,
2020-07-20,46880,58392,
2020-07-21,49643,57748,
2020-07-22,55229,58153,
2020-07-23,54084,58452,
2020-07-24,51512,56940,
2020-07-25,54648,56440,
2020-07-26,51550,50031,
2020-07-27,48685,56873,
2020-07-28,49914,59612,
2020-07-29,45400,57239,
2020-07-30,50148,61977,
2020-07-31,52032,59441,
2020-08-01,53770,54379,
2020-08-02,45404,66458,
2020-08-03,55090,60767,
2020-08-04,49413,54148,
2020-08-05,45219,49417,
2020-08-06,53958,49241,
2020-08-07,50162,50785,
2020-08-08,46775,57225,
2020-08-09,44512,59156,
2020-08-10,49173,57100,
2020-08-11,50472,62646,
2020-08-12,50400,61459,
2020-08-13,45841,52975,
2020-08-14,51750,59729,
2020-08-15,55248,50374,
2020-08-16,43781,44211,
2020-08-17,43070,43952,
2020-08-18,45432,51451,
2020-08-19,50354,42464,
2020-08-20,48400,50464,
2020-08-21,46652,45020,
2020-08-22,55025,47583,
2020-08-23,55722,45159,
2020-08-24,58950,50626,
2020-08-25,57594,43029,
2020-08-26,54904,41112,
2020-08-27,49795,46276,
2020-08-28,55954,45782,
2020-08-29,46628,49972,
2020-08-30,36346,36035,
2020-08-31,37691,36114,
2020-09-01,44104,34098,
2020-09-02,52034,39143,
2020-09-03,56860,52907,
2020-09-04,49568,51735,
2020-09-05,43725,40814,
2020-09-06,45313,43384,
2020-09-07,40362,44301,
2020-09-08,44583,49051,
2020-09-09,35893,47749,
2020-09-10,39255,54569,
2020-09-11,40874,52665,
2020-09-12,36575,42053,
2020-09-13,35922,37522,
2020-09-14,13251,43288,
2020-09-15,4893,40060,
2020-09-16,7253,41802,
2020-09-17,5605,42959,
2020-09-18,3568,50079,
2020-09-19,4970,34399,
2020-09-20,3275,40849,
2020-09-21,1302,45418,
2020-09-22,3690,36975,
2020-09-23,8786,31913,
2020-09-24,6291,39513,
2020-09-25,5174,43074,
2020-09-26,28839,42816,
2020-09-27,43490,40997,
2020-09-28,42788,34999,
2020-09-29,44793,36398,
2020-09-30,45782,32617,
2020-10-01,36655,31831,
2020-10-02,40555,31321,
2020-10-03,45766,37661,
2020-10-04,46576,34280,
2020-10-05,45331,43429,
2020-10-06,42820,45837,
2020-10-07,38126,43476,
2020-10-08,43663,30883,
2020-10-09,42204,41625,
2020-10-10,41229,35029,
2020-10-11,43662,43780,
2020-10-12,32564,49211,
2020-10-13,36403,46733,
2020-10-14,45047,43731,
2020-10-15,41071,47086,
2020-10-16,46865,49076,
2020-10-17,47602,52663,
2020-10-18,40753,47641,
2020-10-19,40700,37331,
2020-10-20,43931,39674,
2020-10-21,43641,41757,
2020-10-22,48731,43362,
2020-10-23,47140,43966,
2020-10-24,48017,41954,
2020-10-25,48342,47193,
2020-10-26,40539,41458,
2020-10-27,42884,45432,
2020-10-28,35255,50772,
2020-10-29,40239,51043,
2020-10-30,43040,49995,
2020-10-31,42780,46018,
2020-11-01,46621,48225,
2020-11-02,46889,50772,
2020-11-03,41403,47990,
2020-11-04,37961,49750,
2020-11-05,46372,41879,
2020-11-06,46039,45167,
2020-11-07,43459,42691,
2020-11-08,37936,40162,
2020-11-09,44514,45151,
2020-11-10,46498,41932,
2020-11-11,48338,39089,
2020-11-12,53857,39828,
2020-11-13,43782,45099,
2020-11-14,42578,50230,
2020-11-15,41191,22633,
2020-11-16,48317,20095,
2020-11-17,44369,23083,
2020-11-18,39782,16072,
2020-11-19,38051,21690,
2020-11-20,40140,16972,
2020-11-21,46549,11897,
2020-11-22,37982,16371,
2020-11-23,53378,16489,
2020-11-24,54404,15373,
2020-11-25,48782,20315,
2020-11-26,60143,21568,
2020-11-27,56858,18904,
2020-11-28,57372,31340,
2020-11-29,54168,34641,
2020-11-30,58032,27010,
2020-12-01,62335,45701,
2020-12-02,53110,48404,
2020-12-03,49377,51313,
2020-12-04,49453,52809,
2020-12-05,50349,56531,
2020-12-06,51866,44246,
2020-12-07,51768,59505,
2020-12-08,47378,61917,
2020-12-09,43759,62770,
2020-12-10,42996,52858,
2020-12-11,42388,48034,
2020-12-12,42631,47161,
2020-12-13,47482,39882,
2020-12-14,48316,49813,
2020-12-15,49376,43894,
2020-12-16,44791,43861,
2020-12-17,37381,58844,
2020-12-18,41971,66563,
2020-12-19,41146,68839,
2020-12-20,39604,54809,
2020-12-21,45224,61606,
2020-12-22,48026,58993,
2020-12-23,44716,66991,
2020-12-24,48663,48350,
2020-12-25,55777,57153,
2020-12-26,54783,65809,
2020-12-27,50589,67019,
2020-12-28,46766,53478,
2020-12-29,52535,60228,
2020-12-30,45613,63452,
2020-12-31,54043,51562,
2021-01-01,49212,57559,
2021-01-02,46176,52148,
2021-01-03,25522,59706,
2021-01-04,45200,61748,
2021-01-05,45719,61001,
2021-01-06,43623,62305,
2021-01-07,41928,64305,
2021-01-08,37270,60152,
2021-01-09,38435,58836,
2021-01-10,41128,65589,
2021-01-11,36771,65811,
2021-01-12,40184,63824,
2021-01-13,31495,63739,
2021-01-14,43841,61984,
2021-01-15,40034,63296,
2021-01-16,44454,58273,
2021-01-17,39498,50826,
2021-01-18,40270,60089,
2021-01-19,38596,64726,
2021-01-20,32262,61218,
2021-01-21,28554,61406,
2021-01-22,28236,63897,
2021-01-23,33633,60329,
2021-01-24,33278,51750,
2021-01-25,35810,64532,
2021-01-26,32887,62583,
2021-01-27,30879,61617,
2021-01-28,34398,64906,
2021-01-29,39650,62896,
2021-01-30,38622,69152,
2021-01-31,38064,66405,
2021-02-01,33437,65387,
2021-02-02,38082,73265,
2021-02-03,40379,66854,
2021-02-04,36423,66164,
2021-02-05,38016,59796,
2021-02-06,43159,62642,
2021-02-07,40457,57711,
2021-02-08,41905,61181,
2021-02-09,41988,66486,
2021-02-10,40345,55090,
2021-02-11,41808,56201,
2021-02-12,38702,42655,
2021-02-13,37741,59176,
2021-02-14,32782,55640,
2021-02-15,37843,63991,
2021-02-16,36628,61454,
2021-02-17,40989,58190,
2021-02-18,38487,71012,
2021-02-19,35404,64684,
2021-02-20,29856,59212,
2021-02-21,34897,57315,
2021-02-22,33418,63358,
2021-02-23,37423,55147,
2021-02-24,38065,50902,
2021-02-25,38241,50891,
2021-02-26,42066,44554,
2021-02-27,40349,20569,
2021-02-28,56374,15971,
2021-03-01,53489,22906,
2021-03-02,36230,25859,
2021-03-03,38599,33376,
2021-03-04,38777,28389,
2021-03-05,34177,44877,
2021-03-06,38264,59839,
2021-03-07,36645,51829,
2021-03-08,33232,62007,
2021-03-09,32922,47153,
2021-03-10,36617,50898,
2021-03-11,46493,40300,
2021-03-12,53241,31989,
2021-03-13,51394,44289,
2021-03-14,42386,38093,
2021-03-15,44136,44323,
2021-03-16,41107,57540,
2021-03-17,42289,57058,
2021-03-18,45606,67559,
2021-03-19,43757,55089,
2021-03-20,42463,44969,
2021-03-21,47570,50401,
2021-03-22,48502,43767,
2021-03-23,48998,33840,
2021-03-24,46856,33250,
2021-03-25,49600,27900,
2021-03-26,51835,26464,
2021-03-27,52434,27354,
2021-03-28,49821,8785,
2021-03-29,54251,22834,
2021-03-30,51779,28245,
2021-03-31,53951,30027,
2021-04-01,52291,41792,
2021-04-02,47729,41254,
2021-04-03,51172,37174,
2021-04-04,53054,24699,
2021-04-05,50128,30881,
2021-04-06,48926,42305,
2021-04-07,53378,40356,
2021-04-08,54916,32859,
2021-04-09,54052,33918,
2021-04-10,55398,40010,
2021-04-11,55049,34236,
2021-04-12,55938,44371,
2021-04-13,55500,47267,
2021-04-14,54486,44815,
2021-04-15,52548,42672,
2021-04-16,51413,45419,
2021-04-17,39958,34815,
2021-04-18,42772,24842,
2021-04-19,44897,38297,
2021-04-20,42446,32023,
2021-04-21,42442,38171,
2021-04-22,45631,32126,
2021-04-23,42668,33688,
2021-04-24,44202,29601,
2021-04-25,43810,26155,
2021-04-26,44158,33757,
2021-04-27,41147,39716,
2021-04-28,40395,37683,
2021-04-29,36466,36457,
2021-04-30,45635,23114,
2021-05-01,50095,24922,
2021-05-02,49894,22060,
2021-05-03,43768,36683,
2021-05-04,35133,35863,
2021-05-05,37558,33680,
2021-05-06,35902,33494,
2021-05-07,33049,35790,
2021-05-08,38920,30616,
2021-05-09,45246,25905,
2021-05-10,38250,32799,
2021-05-11,37473,29600,
2021-05-12,37868,35353,
2021-05-13,39384,37013,
2021-05-14,40910,36251,
2021-05-15,48769,31651,
2021-05-16,50271,30671,
2021-05-17,47083,36181,
2021-05-18,48748,33914,
2021-05-19,47959,36309,
2021-05-20,47492,41426,
2021-05-21,49068,44382,
2021-05-22,53117,34219,
2021-05-23,53048,39737,
2021-05-24,46282,40024,
2021-05-25,52948,37216,
2021-05-26,51460,39227,
2021-05-27,49588,43497,
2021-05-28,40839,61470,
2021-05-29,41837,66380,
2021-05-30,42259,66517,
2021-05-31,43545,59237,
2021-06-01,47376,50003,
2021-06-02,52853,47674,
2021-06-03,56622,45698,
2021-06-04,52846,53384,
2021-06-05,52254,49799,
2021-06-06,51844,54961,
2021-06-07,49402,51854,
2021-06-08,54394,42573,
2021-06-09,51277,49088,
2021-06-10,51974,48026,
2021-06-11,44103,33279,
2021-06-12,46916,36848,
2021-06-13,57657,33853,
2021-06-14,53876,44423,
2021-06-15,55158,33115,
2021-06-16,46328,45339,
2021-06-17,47356,47378,
2021-06-18,43730,45462,
2021-06-19,52324,46575,
2021-06-20,49729,46154,
2021-06-21,51110,49636,
2021-06-22,53757,46055,
2021-06-23,49783,49375,
2021-06-24,49028,46680,
2021-06-25,53380,48291,
2021-06-26,52086,58956,
2021-06-27,58227,61120,
2021-06-28,52693,53763,
2021-06-29,55564,62475,
2021-06-30,51906,54584,
2021-07-01,64540,68913,
2021-07-02,55773,64588,
2021-07-03,53899,58229,
2021-07-04,59199,50747,
2021-07-05,57264,51506,
2021-07-06,59994,57681,
2021-07-07,60579,60418,
2021-07-08,54696,57219,
2021-07-09,56755,64871,
2021-07-10,50703,63259,
2021-07-11,46561,64119,
2021-07-12,49803,54982,
2021-07-13,44835,54264,
2021-07-14,53216,51418,
2021-07-15,54884,60918,
2021-07-16,52073,62216,
2021-07-17,45224,57780,
2021-07-18,47069,48759,
2021-07-19,49181,48485,
2021-07-20,49991,56513,
2021-07-21,56476,44085,
2021-07-22,51279,54010,
2021-07-23,44747,53342,
2021-07-24,44458,55303,
2021-07-25,46280,46160,
2021-07-26,49391,44501,
2021-07-27,44359,47456,
2021-07-28,47478,46461,
2021-07-29,44175,51378,
2021-07-30,43579,53873,
2021-07-31,51120,52029,
2021-08-01,48842,57008,
2021-08-02,51370,51421,
2021-08-03,53566,45558,
2021-08-04,50694,44588,
2021-08-05,56173,51035,
2021-08-06,55004,53785,
2021-08-07,48423,60056,
2021-08-08,50111,58035,
2021-08-09,48569,52635,
2021-08-10,52051,54325,
2021-08-11,48616,59304,
2021-08-12,50262,63496,
2021-08-13,45303,60294,
2021-08-14,43929,69332,
2021-08-15,48763,64902,
2021-08-16,50184,52276,
2021-08-17,51786,50037,
2021-08-18,47018,46902,
2021-08-19,41471,48910,
2021-08-20,34328,45944,
2021-08-21,52256,50648,
2021-08-22,50302,44569,
2021-08-23,54571,40077,
2021-08-24,50740,41237,
2021-08-25,49761,44124,
2021-08-26,49689,45708,
2021-08-27,56762,59638,
2021-08-28,50739,49398,
2021-08-29,50337,43147,
2021-08-30,54435,43557,
2021-08-31,50884,50145,
2021-09-01,47203,57040,
2021-09-02,48305,52339,
2021-09-03,54892,48450,
2021-09-04,56708,54653,
2021-09-05,49218,50813,
2021-09-06,46049,56585,
2021-09-07,56094,42134,
2021-09-08,46629,42791,
2021-09-09,48848,43967,
2021-09-10,51436,47055,
2021-09-11,58988,53993,
2021-09-12,58616,46038,
2021-09-13,25994,57912,
2021-09-14,20049,59106,
2021-09-15,25047,53308,
2021-09-16,20772,53263,
2021-09-17,19168,52046,
2021-09-18,23127,50042,
2021-09-19,24086,50457,
2021-09-20,17763,48768,
2021-09-21,21936,47052,
2021-09-22,20760,52705,
2021-09-23,18598,43959,
2021-09-24,17516,44856,
2021-09-25,23027,44598,
2021-09-26,24508,37013,
2021-09-27,24332,46451,
2021-09-28,20017,47997,
2021-09-29,20342,45652,
2021-09-30,23194,50101,
2021-10-01,19834,42107,
2021-10-02,51457,40003,
2021-10-03,56229,35295,
2021-10-04,56594,49089,
2021-10-05,44850,43304,
2021-10-06,50538,42047,
2021-10-07,53079,45796,
2021-10-08,52901,49070,
2021-10-09,48575,37274,
2021-10-10,48089,40744,
2021-10-11,54260,45247,
2021-10-12,48949,43667,
2021-10-13,47303,39703,
2021-10-14,49871,35864,
2021-10-15,46947,40653,
2021-10-16,39167,50382,
2021-10-17,39995,47776,
2021-10-18,46119,44263,
2021-10-19,44943,42377,
2021-10-20,40833,41225,
2021-10-21,43733,42284,
2021-10-22,43968,39880,
2021-10-23,53195,45440,
2021-10-24,51106,47733,
2021-10-25,44466,48140,
2021-10-26,38595,45993,
2021-10-27,36839,42598,
2021-10-28,37214,41355,
2021-10-29,37963,37418,
2021-10-30,37986,30605,
2021-10-31,44016,27922,
2021-11-01,41211,30271,
2021-11-02,41165,47279,
2021-11-03,43550,49393,
2021-11-04,42871,46646,
2021-11-05,37182,47861,
2021-11-06,39034,51476,
2021-11-07,40191,44834,
2021-11-08,35527,47112,
2021-11-09,37556,38847,
2021-11-10,40985,22439,
2021-11-11,43368,22803,
2021-11-12,34975,22250,
2021-11-13,34551,27266,
2021-11-14,36619,17195,
2021-11-15,33720,9011,
2021-11-16,36747,15178,
2021-11-17,32185,18785,
2021-11-18,35169,17801,
2021-11-19,40933,16302,
2021-11-20,37084,18694,
2021-11-21,37198,13843,
2021-11-22,44682,19389,
2021-11-23,42542,18025,
2021-11-24,38810,23187,
2021-11-25,34898,9778,
2021-11-26,30482,6507,
2021-11-27,35383,7928,
2021-11-28,32537,14277,
2021-11-29,28928,25036,
2021-11-30,36123,23865,
2021-12-01,33705,35723,
2021-12-02,34936,43803,
2021-12-03,42575,40549,
2021-12-04,33672,44570,
2021-12-05,33474,38870,
2021-12-06,37810,36993,
2021-12-07,51684,43703,
2021-12-08,43950,32342,
2021-12-09,45150,50801,
2021-12-10,35791,39070,
2021-12-11,42443,29875,
2021-12-12,43480,31467,
2021-12-13,43139,38268,
2021-12-14,44775,36700,
2021-12-15,44111,37290,
2021-12-16,39714,33303,
2021-12-17,50960,23829,
2021-12-18,51377,48386,
2021-12-19,44854,49567,
2021-12-20,48398,46957,
2021-12-21,55979,39618,
2021-12-22,51688,45364,
2021-12-23,56295,46580,
2021-12-24,46884,44386,
2021-12-25,37338,33242,
2021-12-26,41854,41277,
2021-12-27,46411,49408,
2021-12-28,37670,48536,
2021-12-29,43486,36190,
2021-12-30,39871,31830,
2021-12-31,43761,29993,
2022-01-01,37738,38721,
2022-01-02,40326,48754,
2022-01-03,46153,58222,
2022-01-04,34421,54380,
2022-01-05,41242,49832,
2022-01-06,43194,54060,
2022-01-07,45282,57884,
2022-01-08,50402,56487,
2022-01-09,52497,41918,
2022-01-10,52881,49274,
2022-01-11,43357,37923,
2022-01-12,45994,33904,
2022-01-13,50877,42674,
2022-01-14,54904,48035,
2022-01-15,48017,43480,
2022-01-16,47131,39894,
2022-01-17,47605,49223,
2022-01-18,52073,58879,
2022-01-19,42561,25475,
2022-01-20,48065,43744,
2022-01-21,41252,14673,
2022-01-22,38585,18227,
2022-01-23,50870,44153,
2022-01-24,45919,17764,
2022-01-25,48027,36255,
2022-01-26,45630,30119,
2022-01-27,41365,30615,
2022-01-28,49038,48515,
2022-01-29,47957,38420,
2022-01-30,51965,51153,
2022-01-31,42804,46746,
2022-02-01,37080,38181,
2022-02-02,42558,35024,
2022-02-03,50730,45105,
2022-02-04,45891,38588,
2022-02-05,42054,50964,
2022-02-06,36652,36094,
2022-02-07,40489,42041,
2022-02-08,22392,39732,
2022-02-09,11058,26343,
2022-02-10,18562,15245,
2022-02-11,50571,16431,
2022-02-12,51258,35478,
2022-02-13,40402,38350,
2022-02-14,40840,28635,
2022-02-15,43144,48445,
2022-02-16,39961,35164,
2022-02-17,47822,39046,
2022-02-18,46229,43107,
2022-02-19,37045,37344,
2022-02-20,40346,43790,
2022-02-21,49009,41938,
2022-02-22,40691,37698,
2022-02-23,41896,31914,
2022-02-24,45150,38389,
2022-02-25,41707,16157,
2022-02-26,40318,32281,
2022-02-27,43131,35113,
2022-02-28,45459,33762,
2022-03-01,42968,11365,
2022-03-02,43742,30540,
2022-03-03,39456,27623,
2022-03-04,43025,21666,
2022-03-05,39822,33806,
2022-03-06,40582,26078,
2022-03-07,42577,38047,
2022-03-08,42885,33267,
2022-03-09,36361,44540,
2022-03-10,41139,38964,
2022-03-11,38240,37194,
2022-03-12,46366,32466,
2022-03-13,39574,24691,
2022-03-14,39265,28007,
2022-03-15,41424,31692,
2022-03-16,42128,30041,
2022-03-17,44986,26555,
2022-03-18,46208,29063,
2022-03-19,42879,22486,
2022-03-20,42851,17145,
2022-03-21,43687,27490,
2022-03-22,41944,31081,
2022-03-23,45279,32642,
2022-03-24,40261,27909,
2022-03-25,45848,25597,
2022-03-26,47659,27027,
2022-03-27,49479,22232,
2022-03-28,41993,20172,
2022-03-29,43250,14559,
2022-03-30,40735,26270,
2022-03-31,38016,17390,
2022-04-01,44414,12233,
2022-04-02,48018,24170,
2022-04-03,49248,27860,
2022-04-04,47879,33162,
2022-04-05,49835,34567,
2022-04-06,45466,39798,
2022-04-07,47462,37824,
2022-04-08,53640,43322,
2022-04-09,44148,36196,
2022-04-10,42577,29138,
2022-04-11,46598,30913,
2022-04-12,39796,25633,
2022-04-13,44919,30714,
2022-04-14,43764,23625,
2022-04-15,43696,14947,
2022-04-16,48136,19193,
2022-04-17,46530,15736,
2022-04-18,43818,28521,
2022-04-19,44408,16942,
2022-04-20,45693,19207,
2022-04-21,43138,20339,
2022-04-22,43340,24276,
2022-04-23,45450,22087,
2022-04-24,46880,21832,
2022-04-25,41944,18082,
2022-04-26,45969,21471,
2022-04-27,45003,21887,
2022-04-28,43472,11265,
2022-04-29,41330,14605,
2022-04-30,43092,16225,
2022-05-01,45368,6053,
2022-05-02,45529,9877,
2022-05-03,45286,8487,
2022-05-04,46511,13145,
2022-05-05,47969,14640,
2022-05-06,43317,15335,
2022-05-07,44483,19746,
2022-05-08,45549,15628,
2022-05-09,43891,11749,
2022-05-10,44571,9015,
2022-05-11,46379,12939,
2022-05-12,46059,14577,
2022-05-13,42917,21352,
2022-05-14,35293,25625,
2022-05-15,35665,19249,
2022-05-16,35440,20761,
2022-05-17,39856,12828,
2022-05-18,36756,21528,
2022-05-19,33022,24099,
2022-05-20,34778,28041,
2022-05-21,38270,32732,
2022-05-22,39321,26058,
2022-05-23,34370,34676,
2022-05-24,29880,33558,
2022-05-25,31687,32793,
2022-05-26,33190,24526,
2022-05-27,34365,33625,
2022-05-28,39195,44483,
2022-05-29,41388,44282,
2022-05-30,43139,44883,
2022-05-31,48874,43925,
2022-06-01,44705,44005,
2022-06-02,38543,46009,
2022-06-03,41145,48291,
2022-06-04,35016,39413,
2022-06-05,36962,40684,
2022-06-06,36383,44841,
2022-06-07,36887,47853,
2022-06-08,40812,46995,
2022-06-09,36183,51835,
2022-06-10,41115,45128,
2022-06-11,40903,45912,
2022-06-12,40646,45450,
2022-06-13,40343,50441,
2022-06-14,41961,50926,
2022-06-15,47109,49601,
2022-06-16,49229,47662,
2022-06-17,51562,50267,
2022-06-18,33198,48176,
2022-06-19,22420,39690,
2022-06-20,34288,51298,
2022-06-21,35568,49612,
2022-06-22,41756,49377,
2022-06-23,45005,50841,
2022-06-24,45705,52104,
2022-06-25,39632,53794,
2022-06-26,36882,54312,
2022-06-27,45505,55550,
2022-06-28,42210,56080,
2022-06-29,35815,57070,
2022-06-30,42080,63439,
2022-07-01,42396,69459,
2022-07-02,47177,65793,
2022-07-03,42998,63995,
2022-07-04,42073,53075,
2022-07-05,42803,59401,
2022-07-06,43823,41943,
2022-07-07,43027,56496,
2022-07-08,46021,58575,
2022-07-09,49045,63218,
2022-07-10,49563,54956,
2022-07-11,47066,60577,
2022-07-12,44809,59956,
2022-07-13,44139,67927,
2022-07-14,42156,69359,
2022-07-15,43715,63396,
2022-07-16,45898,61264,
2022-07-17,46122,67732,
2022-07-18,45197,62357,
2022-07-19,46704,56457,
2022-07-20,55117,70544,
2022-07-21,51624,64641,
2022-07-22,50283,60922,
2022-07-23,45493,65419,
2022-07-24,45575,65574,
2022-07-25,46416,64965,
2022-07-26,45575,68002,
2022-07-27,50705,68164,
2022-07-28,52080,71238,
2022-07-29,64496,64433,
2022-07-30,55437,64081,
2022-07-31,61181,62880,
2022-08-01,59952,71548,
2022-08-02,51998,70091,
2022-08-03,36178,74237,
2022-08-04,38195,67274,
2022-08-05,42471,66726,
2022-08-06,47339,65551,
2022-08-07,48648,65742,
2022-08-08,44448,67154,
2022-08-09,45422,72575,
2022-08-10,50866,66799,
2022-08-11,56493,56849,
2022-08-12,54521,52256,
2022-08-13,54438,52031,
2022-08-14,55701,48102,
2022-08-15,59959,62850,
2022-08-16,60112,62123,
2022-08-17,57762,55842,
2022-08-18,54677,57068,
2022-08-19,54630,58051,
2022-08-20,58769,59075,
2022-08-21,55296,61492,
2022-08-22,53863,63289,
2022-08-23,56650,63436,
2022-08-24,57668,58103,
2022-08-25,58618,62937,
2022-08-26,53542,61747,
2022-08-27,54959,73102,
2022-08-28,53491,69787,
2022-08-29,53912,67030,
2022-08-30,55501,71355,
2022-08-31,52605,65396,
2022-09-01,53131,58446,
2022-09-02,63373,61820,
2022-09-03,59646,53452,
2022-09-04,61406,73039,
2022-09-05,55915,74736,
2022-09-06,52660,65579,
2022-09-07,53340,52916,
2022-09-08,49440,44623,
2022-09-09,48754,48777,
2022-09-10,45806,42390,
2022-09-11,41895,41083,
2022-09-12,41659,45100,
2022-09-13,38189,50676,
2022-09-14,37816,49552,
2022-09-15,43676,44197,
2022-09-16,44272,47491,
2022-09-17,43808,48882,
2022-09-18,35226,44661,
2022-09-19,7998,49855,
2022-09-20,3070,59171,
2022-09-21,2447,62256,
2022-09-22,6119,64557,
2022-09-23,9514,40044,
2022-09-24,12740,43719,
2022-09-25,11490,42040,
2022-09-26,10208,53159,
2022-09-27,10067,43899,
2022-09-28,12089,44832,
2022-09-29,10905,48975,
2022-09-30,10465,48568,
2022-10-01,37061,42363,
2022-10-02,32492,44377,
2022-10-03,34826,36829,
2022-10-04,37576,33900,
2022-10-05,38362,34777,
2022-10-06,39976,42918,
2022-10-07,40720,44731,
2022-10-08,43854,43812,
2022-10-09,41778,40705,
2022-10-10,39718,37382,
2022-10-11,37038,34706,
2022-10-12,34808,29986,
2022-10-13,32888,29037,
2022-10-14,36630,37131,
2022-10-15,38636,34416,
2022-10-16,30063,35695,
2022-10-17,35296,24918,
2022-10-18,43767,21640,
2022-10-19,46326,16660,
2022-10-20,40216,18380,
2022-10-21,36009,27321,
2022-10-22,37755,21664,
2022-10-23,41938,26062,
2022-10-24,39645,27004,
2022-10-25,34488,34096,
2022-10-26,36692,29715,
2022-10-27,38052,25980,
2022-10-28,39792,36497,
2022-10-29,38089,30160,
2022-10-30,39374,25194,
2022-10-31,45147,22962,
2022-11-01,45055,22450,
2022-11-02,36335,21798,
2022-11-03,32995,12621,
2022-11-04,33568,14594,
2022-11-05,23773,8384,
2022-11-06,31616,11962,
2022-11-07,38610,13872,
2022-11-08,33236,16847,
2022-11-09,29451,19449,
2022-11-10,28166,9532,
2022-11-11,36256,15264,
2022-11-12,31617,11290,
2022-11-13,27774,12917,
2022-11-14,46858,22723,
2022-11-15,45220,28951,
2022-11-16,41320,25937,
2022-11-17,45661,18948,
2022-11-18,43006,22786,
2022-11-19,38029,32016,
2022-11-20,40900,28390,
2022-11-21,37347,17377,
2022-11-22,40017,19514,
2022-11-23,38205,19109,
2022-11-24,36089,18298,
2022-11-25,39629,3224,
2022-11-26,47151,9495,
2022-11-27,42978,7826,
2022-11-28,47969,22807,
2022-11-29,45621,31955,
2022-11-30,45392,19480,
2022-12-01,54327,24773,
2022-12-02,51273,31083,
2022-12-03,64152,43508,
2022-12-04,59749,51761,
2022-12-05,60361,53726,
2022-12-06,52323,42487,
2022-12-07,56541,39002,
2022-12-08,55357,45079,
2022-12-09,54772,49439,
2022-12-10,57532,53405,
2022-12-11,54624,44510,
2022-12-12,50063,51381,
2022-12-13,52356,55989,
2022-12-14,40682,66348,
2022-12-15,42877,60419,
2022-12-16,43865,64210,
2022-12-17,45149,65366,
2022-12-18,39747,58014,
2022-12-19,42544,37996,
2022-12-20,37102,45158,
2022-12-21,28891,28548,
2022-12-22,20233,23099,
2022-12-23,39124,46060,
2022-12-24,42023,49175,
2022-12-25,46090,36765,
2022-12-26,40150,31651,
2022-12-27,37955,50754,
2022-12-28,42784,39116,
2022-12-29,36094,41707,
2022-12-30,33220,46702,
2022-12-31,31490,24211,
2023-01-01,29372,24593,
2023-01-02,34444,32779,
2023-01-03,40833,44204,
2023-01-04,41259,35217,
2023-01-05,29970,35488,
2023-01-06,31243,52758,
2023-01-07,35850,48691,
2023-01-08,36741,44944,
2023-01-09,38566,50260,
2023-01-10,40517,45090,
2023-01-11,36313,38161,
2023-01-12,26775,43233,
2023-01-13,37447,60217,
2023-01-14,40178,64928,
2023-01-15,37659,56127,
2023-01-16,40929,60724,
2023-01-17,37574,65485,
2023-01-18,38328,47865,
2023-01-19,42335,52698,
2023-01-20,44946,42663,
2023-01-21,47169,48011,
2023-01-22,46389,46337,
2023-01-23,45054,51431,
2023-01-24,46432,43572,
2023-01-25,45704,46007,
2023-01-26,47705,39523,
2023-01-27,43000,48963,
2023-01-28,39910,25466,
2023-01-29,41736,34932,
2023-01-30,42942,33019,
2023-01-31,47789,46254,
2023-02-01,51036,34273,
2023-02-02,52404,26333,
2023-02-03,36541,19900,
2023-02-04,0,11249,
2023-02-05,41712,34676,
2023-02-06,47502,42191,
2023-02-07,43639,33661,
2023-02-08,44086,36376,
2023-02-09,41006,32444,
2023-02-10,40922,35189,
2023-02-11,41786,37718,
2023-02-12,43704,43207,
2023-02-13,44978,40739,
2023-02-14,41091,33853,
2023-02-15,42340,27944,
2023-02-16,44398,39039,
2023-02-17,43565,41877,
2023-02-18,44291,40749,
2023-02-19,44375,45206,
2023-02-20,43945,40219,
2023-02-21,43169,43532,
2023-02-22,45369,43795,
2023-02-23,43161,13796,
2023-02-24,41776,26750,
2023-02-25,42021,38281,
2023-02-26,38803,21651,
2023-02-27,38486,30433,
2023-02-28,38688,25967,
2023-03-01,40907,35029,
2023-03-02,38091,27757,
2023-03-03,43328,34564,
2023-03-04,37370,29798,
2023-03-05,45439,24492,
2023-03-06,42065,38905,
2023-03-07,39736,34949,
2023-03-08,39426,34782,
2023-03-09,41324,36684,
2023-03-10,39091,41709,
2023-03-11,38307,43415,
2023-03-12,40263,36984,
2023-03-13,39867,39448,
2023-03-14,45927,39247,
2023-03-15,44750,27997,
2023-03-16,43170,30309,
2023-03-17,43341,28177,
2023-03-18,42759,21909,
2023-03-19,47849,32252,
2023-03-20,46295,28481,
2023-03-21,40316,22718,
2023-03-22,38778,24311,
2023-03-23,37256,26798,
2023-03-24,34322,27684,
2023-03-25,40170,12137,
2023-03-26,35421,4546,
2023-03-27,32579,30682,
2023-03-28,35452,31712,
2023-03-29,33350,30839,
2023-03-30,33683,21865,
2023-03-31,34903,24806,
2023-04-01,36119,2695,
2023-04-02,42012,17580,
2023-04-03,42641,12324,
2023-04-04,46533,23313,
2023-04-05,45336,13701,
2023-04-06,45298,16884,
2023-04-07,47381,13660,
2023-04-08,44985,19000,
2023-04-09,42218,22756,
2023-04-10,49772,35203,
2023-04-11,46194,33577,
2023-04-12,45988,32935,
2023-04-13,49322,33258,
2023-04-14,49447,37798,
2023-04-15,46369,33203,
2023-04-16,46117,27464,
2023-04-17,42724,29891,
2023-04-18,44086,29654,
2023-04-19,43590,35683,
2023-04-20,46215,48945,
2023-04-21,43785,41018,
2023-04-22,43575,29404,
2023-04-23,38728,29427,
2023-04-24,36190,34080,
2023-04-25,37940,37952,
2023-04-26,39692,27489,
2023-04-27,36340,28205,
2023-04-28,33791,30091,
2023-04-29,39332,17511,
2023-04-30,40942,16667,
2023-05-01,42311,29090,
2023-05-02,40014,32807,
2023-05-03,35640,32322,
2023-05-04,34417,26645,
2023-05-05,33245,25318,
2023-05-06,31319,29215,
2023-05-07,32672,21874,
2023-05-08,34780,21076,
2023-05-09,35413,18451,
2023-05-10,35569,14854,
2023-05-11,33643,20207,
2023-05-12,34920,22673,
2023-05-13,34740,25567,
2023-05-14,35908,27121,
2023-05-15,34991,19629,
2023-05-16,25610,20622,
2023-05-17,26414,21321,
2023-05-18,17376,25666,
2023-05-19,18555,19083,
2023-05-20,22853,19586,
2023-05-21,20464,15383,
2023-05-22,20312,35923,
2023-05-23,29390,34919,
2023-05-24,19500,29770,
2023-05-25,17784,26903,
2023-05-26,24323,19910,
2023-05-27,15263,20509,
2023-05-28,22000,21454,
2023-05-29,21478,16973,
2023-05-30,27391,4968,
2023-05-31,26142,13048,
2023-06-01,30570,6463,
2023-06-02,48912,11783,
2023-06-03,28743,10268,
2023-06-04,18825,10664,
2023-06-05,23013,2679,
2023-06-06,23488,10204,
2023-06-07,21896,19655,
2023-06-08,22911,9843,
2023-06-09,20461,11115,
2023-06-10,17918,16619,
2023-06-11,22167,21975,
2023-06-12,27734,14092,
2023-06-13,30263,17031,
2023-06-14,32188,11555,
2023-06-15,42955,12808,
2023-06-16,43715,10563,
2023-06-17,47638,5997,
2023-06-18,49020,5970,
2023-06-19,47384,9148,
2023-06-20,41720,12675,
2023-06-21,38376,8770,
2023-06-22,12121,8227,
2023-06-23,10260,11136,
2023-06-24,21762,6817,
2023-06-25,37067,10028,
2023-06-26,41454,10679,
2023-06-27,55599,2737,
2023-06-28,57579,12805,
2023-06-29,53731,6078,
2023-06-30,31356,8585,
2023-07-01,20418,13253,
2023-07-02,20783,20577,
2023-07-03,28555,13374,
2023-07-04,20697,4244,
2023-07-05,21886,0,
2023-07-06,44974,1675,
2023-07-07,55166,11624,
2023-07-08,44616,36183,
2023-07-09,35307,17140,
2023-07-10,30635,10528,
2023-07-11,35563,8629,
2023-07-12,37767,12360,
2023-07-13,29722,23551,
2023-07-14,29050,23402,
2023-07-15,27996,30165,
2023-07-16,30709,23268,
2023-07-17,38946,17617,
2023-07-18,31391,20955,
2023-07-19,28135,12718,
2023-07-20,20965,12410,
2023-07-21,20423,7934,
2023-07-22,17250,4471,
2023-07-23,19582,8399,
2023-07-24,26122,8563,
2023-07-25,39694,7906,
2023-07-26,38336,13716,
2023-07-27,49974,9134,
2023-07-28,47929,26981,
2023-07-29,39371,19416,
2023-07-30,15919,0,
2023-07-31,33716,1714,
2023-08-01,25638,2752,
2023-08-02,25515,5914,
2023-08-03,30909,3972,
2023-08-04,32146,8633,
2023-08-05,32653,6192,
2023-08-06,27629,17653,
2023-08-07,30978,17048,
2023-08-08,30182,11626,
2023-08-09,35399,394,
2023-08-10,40649,0,
2023-08-11,44293,5624,
2023-08-12,33750,7847,
2023-08-13,34305,8866,
2023-08-14,37508,17321,
2023-08-15,39105,21942,
2023-08-16,38522,19754,
2023-08-17,37409,18412,
2023-08-18,42816,2901,
2023-08-19,23152,0,
2023-08-20,26970,0,
2023-08-21,42721,11740,
2023-08-22,37114,12563,
2023-08-23,36305,4539,
2023-08-24,33601,10732,
2023-08-25,29299,16580,
2023-08-26,19816,18535,
2023-08-27,16163,16200,
2023-08-28,29361,22138,
2023-08-29,33807,21397,
2023-08-30,36535,14135,
2023-08-31,19658,3502,
2023-09-01,40415,0,
2023-09-02,41194,2352,
2023-09-03,40132,15126,
2023-09-04,38979,22241,
2023-09-05,44219,21657,
2023-09-06,42979,28960,
2023-09-07,46551,38525,
2023-09-08,42786,34396,
2023-09-09,41191,16652,
2023-09-10,38633,16616,
2023-09-11,38809,17778,
2023-09-12,32687,19866,
2023-09-13,33020,18372,
2023-09-14,32772,11004,
2023-09-15,32883,4916,
2023-09-16,23375,0,
2023-09-17,20614,0,
2023-09-18,12944,7359,
2023-09-19,9791,6410,
2023-09-20,11059,9114,
2023-09-21,10294,9729,
2023-09-22,7626,4213,
2023-09-23,10639,3739,
2023-09-24,7859,4481,
2023-09-25,10704,8087,
2023-09-26,7465,8015,
2023-09-27,7601,6829,
2023-09-28,8410,6300,
2023-09-29,6629,4756,
2023-09-30,6583,4739,
2023-10-01,7982,5917,
2023-10-02,13156,7471,
2023-10-03,32562,3932,
2023-10-04,24262,9618,
2023-10-05,31340,7636,
2023-10-06,31647,11584,
2023-10-07,33409,9851,
2023-10-08,31162,2865,
2023-10-09,29427,9795,
2023-10-10,29394,7143,
2023-10-11,32716,4625,
2023-10-12,27660,6983,
2023-10-13,27273,7557,
2023-10-14,24020,10966,
2023-10-15,16993,17128,
2023-10-16,21879,12367,
2023-10-17,18294,8933,
2023-10-18,20881,15940,
2023-10-19,29697,15596,
2023-10-20,28244,10864,
2023-10-21,21669,11774,
2023-10-22,20526,12987,
2023-10-23,24437,10592,
2023-10-24,23721,13935,
2023-10-25,25847,12812,
2023-10-26,11995,11317,
2023-10-27,12375,14533,
2023-10-28,15920,10991,
2023-10-29,15698,5375,
2023-10-30,11862,12257,
2023-10-31,15989,12055,
2023-11-01,35693,22472,
2023-11-02,38849,17478,
2023-11-03,39333,13146,
2023-11-04,42890,2487,
2023-11-05,39373,0,
2023-11-06,37266,9572,
2023-11-07,37553,4507,
2023-11-08,28975,0,
2023-11-09,24577,0,
2023-11-10,20998,12232,
2023-11-11,17719,7884,
2023-11-12,19430,14445,
2023-11-13,23445,26222,
2023-11-14,24593,21324,
2023-11-15,23695,16856,
2023-11-16,24765,13305,
2023-11-17,25624,9186,
2023-11-18,32392,11192,
2023-11-19,26639,7630,
2023-11-20,29998,13370,
2023-11-21,35551,12377,
2023-11-22,38847,9036,
2023-11-23,33205,0,
2023-11-24,35740,0,
2023-11-25,43469,7626,
2023-11-26,42544,4445,
2023-11-27,47968,1887,
2023-11-28,52695,9988,
2023-11-29,56878,20387,
2023-11-30,47331,9280,
2023-12-01,28238,0,
2023-12-02,24823,0,
2023-12-03,32092,0,
2023-12-04,33803,0,
2023-12-05,36486,4639,
2023-12-06,40422,0,
2023-12-07,40432,11964,
2023-12-08,41999,17958,
2023-12-09,25610,3434,
2023-12-10,24485,1306,
2023-12-11,31325,8572,
2023-12-12,45521,8360,
2023-12-13,50648,4823,
2023-12-14,48540,5931,
2023-12-15,46558,0,
2023-12-16,45877,0,
2023-12-17,45524,0,
2023-12-18,49553,0,
2023-12-19,45087,3948,
2023-12-20,45826,9638,
2023-12-21,51025,24944,
2023-12-22,50810,14526,
2023-12-23,48442,0,
2023-12-24,46894,251,
2023-12-25,45477,0,
2023-12-26,47931,0,
2023-12-27,43764,0,
2023-12-28,44542,0,
2023-12-29,45275,0,
2023-12-30,14810,0,
2023-12-31,18673,0,
2024-01-01,15412,4085,
2024-01-02,25141,17176,
2024-01-03,22039,13335,
2024-01-04,36544,15865,
2024-01-05,43624,24671,
2024-01-06,33715,15560,
2024-01-07,36757,16432,
2024-01-08,43457,10434,
2024-01-09,40403,6762,
2024-01-10,34745,2557,
2024-01-11,38285,1863,
2024-01-12,26713,0,
2024-01-13,37055,1813,
2024-01-14,57191,37523,
2024-01-15,55311,55798,
2024-01-16,54793,58429,
2024-01-17,58031,54729,
2024-01-18,58221,48058,
2024-01-19,50665,59881,
2024-01-20,44130,50178,
2024-01-21,49422,61337,
2024-01-22,48317,42224,
2024-01-23,42065,25886,
2024-01-24,14429,0,
2024-01-25,12370,0,
2024-01-26,9769,0,
2024-01-27,13240,0,
2024-01-28,26320,15217,
2024-01-29,39234,28600,
2024-01-30,42313,28588,
2024-01-31,43082,26489,
2024-02-01,25597,6128,
2024-02-02,22358,7010,
2024-02-03,34899,6415,
2024-02-04,41457,742,
2024-02-05,39767,4368,
2024-02-06,39764,13102,
2024-02-07,30086,13225,
2024-02-08,17324,21388,
2024-02-09,14275,0,
2024-02-10,12958,270,
2024-02-11,15305,9274,
2024-02-12,17176,762,
2024-02-13,29547,27312,
2024-02-14,32330,29023,
2024-02-15,37150,32000,
2024-02-16,22198,24953,
2024-02-17,21824,28732,
2024-02-18,31354,21045,
2024-02-19,32169,24924,
2024-02-20,31594,29191,
2024-02-21,31636,15071,
2024-02-22,20062,8587,
2024-02-23,34726,24617,
2024-02-24,28752,10838,
2024-02-25,37032,6652,
2024-02-26,30718,17190,
2024-02-27,28927,2381,
2024-02-28,46469,26857,
2024-02-29,34631,12163,
2024-03-01,20988,0,
2024-03-02,14875,0,
2024-03-03,14240,0,
2024-03-04,14176,0,
2024-03-05,14283,16374,
2024-03-06,18167,0,
2024-03-07,19576,0,
2024-03-08,13281,0,
2024-03-09,14421,0,
2024-03-10,16533,0,
2024-03-11,16699,0,
2024-03-12,17620,0,
2024-03-13,15517,0,
2024-03-14,12967,0,
2024-03-15,8450,0,
2024-03-16,11013,0,
2024-03-17,13944,0,
2024-03-18,17693,0,
2024-03-19,18197,0,
2024-03-20,20723,0,
2024-03-21,41439,0,
2024-03-22,42294,0,
2024-03-23,38905,0,
2024-03-24,26311,0,
2024-03-25,29581,0,
2024-03-26,7141,3134,
2024-03-27,8236,0,
2024-03-28,9733,0,
2024-03-29,9670,0,
2024-03-30,9852,0,
2024-03-31,10340,0,
2024-04-01,9552,0,
2024-04-02,8081,0,
2024-04-03,20515,0,
2024-04-04,28320,0,
2024-04-05,21956,0,
2024-04-06,27668,0,
2024-04-07,21245,0,
2024-04-08,19540,2226,
2024-04-09,14643,5365,
2024-04-10,10893,0,
2024-04-11,15811,0,
2024-04-12,17594,8125,
2024-04-13,13941,11997,
2024-04-14,12792,0,
2024-04-15,13276,0,
2024-04-16,10079,0,
2024-04-17,7857,1476,
2024-04-18,7836,0,
2024-04-19,7217,0,
2024-04-20,15701,12767,
2024-04-21,11209,0,
2024-04-22,13945,0,
2024-04-23,12716,0,
2024-04-24,12014,0,
2024-04-25,14245,0,
2024-04-26,9975,0,
2024-04-27,9213,167,
2024-04-28,10933,1680,
2024-04-29,11803,1975,
2024-04-30,10469,0,
2024-05-01,8034,0,
2024-05-02,8124,0,
2024-05-03,9963,526,
2024-05-04,7468,0,
2024-05-05,7201,0,
2024-05-06,10840,0,
2024-05-07,11109,0,
2024-05-08,9159,3294,
2024-05-09,9060,0,
2024-05-10,5656,0,
2024-05-11,4440,2609,
2024-05-12,7615,0,
2024-05-13,5817,4313,
2024-05-14,9520,2727,
2024-05-15,13798,9609,
2024-05-16,14771,7339,
2024-05-17,11545,6360,
2024-05-18,22235,9735,
2024-05-19,10588,0,
2024-05-20,11563,7701,
2024-05-21,12268,6924,
2024-05-22,11927,22003,
2024-05-23,14932,15061,
2024-05-24,12838,13322,
2024-05-25,8468,16590,
2024-05-26,10951,20424,
2024-05-27,11316,11600,
2024-05-28,17802,16308,
2024-05-29,10767,8403,
2024-05-30,9352,9979,
2024-05-31,9214,8145,
2024-06-01,3425,12329,
2024-06-02,4980,17456,
2024-06-03,10928,14325,
2024-06-04,9041,8868,
2024-06-05,15212,17663,
2024-06-06,20095,23659,
2024-06-07,17085,19505,
2024-06-08,6815,13620,
2024-06-09,5472,17597,
2024-06-10,12743,16063,
2024-06-11,11850,9925,
2024-06-12,13704,11340,
2024-06-13,19068,17506,
2024-06-14,26923,15441,
2024-06-15,9885,13459,
2024-06-16,13509,17396,
2024-06-17,19790,11304,
2024-06-18,33880,13913,
2024-06-19,47247,18345,
2024-06-20,47486,26997,
2024-06-21,44466,47529,
2024-06-22,26803,47052,
2024-06-23,29016,46557,
2024-06-24,37040,37334,
2024-06-25,23830,35030,
2024-06-26,36292,28231,
2024-06-27,20223,28035,
2024-06-28,18714,27932,
2024-06-29,18277,31418,
2024-06-30,31633,43450,
2024-07-01,6326,31644,
2024-07-02,9438,32975,
2024-07-03,10000,29422,
2024-07-04,18800,14523,
2024-07-05,30842,40432,
2024-07-06,45693,51669,
2024-07-07,37168,51937,
2024-07-08,43948,43784,
2024-07-09,54349,43018,
2024-07-10,50344,61355,
2024-07-11,49673,50478,
2024-07-12,36002,37523,
2024-07-13,26360,30272,
2024-07-14,24337,31977,
2024-07-15,48520,41693,
2024-07-16,56856,58500,
2024-07-17,55969,53663,
2024-07-18,48777,43424,
2024-07-19,17149,39144,
2024-07-20,15394,36832,
2024-07-21,21037,36598,
2024-07-22,31644,38623,
2024-07-23,42736,33817,
2024-07-24,25098,36119,
2024-07-25,17698,34542,
2024-07-26,11681,23848,
2024-07-27,10292,20665,
2024-07-28,13564,27478,
2024-07-29,27171,20230,
2024-07-30,36996,22114,
2024-07-31,40555,25846,
2024-08-01,43080,37583,
2024-08-02,37813,45050,
2024-08-03,32680,35992,
2024-08-04,29056,30347,
2024-08-05,27236,41578,
2024-08-06,25039,39683,
2024-08-07,14694,15202,
2024-08-08,8380,9457,
2024-08-09,21267,22583,
2024-08-10,11850,34890,
2024-08-11,3584,25482,
2024-08-12,0,11814,
2024-08-13,2525,1943,
2024-08-14,7534,12689,
2024-08-15,7047,12188,
2024-08-16,5439,23652,
2024-08-17,87,25724,
2024-08-18,2052,27006,
2024-08-19,5249,31547,
2024-08-20,312,14854,
2024-08-21,804,3712,
2024-08-22,7852,16250,
2024-08-23,4179,11954,
2024-08-24,4795,10082,
2024-08-25,11646,14034,
2024-08-26,12368,11444,
2024-08-27,7786,17462,
2024-08-28,24059,37100,
2024-08-29,10786,36985,
2024-08-30,396,12719,
2024-08-31,7389,11124,
2024-09-01,11036,25397,
2024-09-02,3502,13753,
2024-09-03,7494,1095,
2024-09-04,10161,11177,
2024-09-05,7320,13628,
2024-09-06,5640,15706,
2024-09-07,11446,16045,
2024-09-08,5814,12891,
2024-09-09,5698,7174,
2024-09-10,5153,11117,
2024-09-11,6215,15938,
2024-09-12,9120,9344,
2024-09-13,7438,19012,
2024-09-14,6376,19633,
2024-09-15,3588,16775,
2024-09-16,5596,12390,
2024-09-17,11813,17673,
2024-09-18,3188,18496,
2024-09-19,4125,12823,
2024-09-20,5470,8860,
2024-09-21,467,965,
2024-09-22,983,3785,
2024-09-23,0,14450,
2024-09-24,0,11597,
2024-09-25,0,8844,
2024-09-26,0,12326,
2024-09-27,0,8520,
2024-09-28,0,13562,
2024-09-29,0,1599,
2024-09-30,0,8126,
2024-10-01,0,5103,
2024-10-02,0,8290,
2024-10-03,0,5431,
2024-10-04,0,9684,
2024-10-05,0,12421,
2024-10-06,0,23864,
2024-10-07,0,12014,
2024-10-08,0,7208,
2024-10-09,0,3156,
2024-10-10,0,0,
2024-10-11,67,0,
2024-10-12,0,0,
2024-10-13,0,2489,
2024-10-14,0,12652,
2024-10-15,0,5621,
2024-10-16,12278,0,
2024-10-17,4577,0,
2024-10-18,3815,0,
2024-10-19,4475,0,
2024-10-20,6730,0,
2024-10-21,13510,0,
2024-10-22,14320,1680,
2024-10-23,5866,1890,
2024-10-24,163,0,
2024-10-25,837,0,
2024-10-26,0,0,
2024-10-27,0,0,
2024-10-28,0,5978,
2024-10-29,0,0,
2024-10-30,0,7798,
2024-10-31,0,7673,
2024-11-01,0,3300,
2024-11-02,0,2587,
2024-11-03,0,5607,
2024-11-04,5880,10254,
2024-11-05,1985,10267,
2024-11-06,12173,6586,
2024-11-07,16646,6321,
2024-11-08,0,4875,
2024-11-09,0,3004,
2024-11-10,0,370,
2024-11-11,9861,6366,
2024-11-12,19768,0,
2024-11-13,0,4182,
2024-11-14,0,2013,
2024-11-15,0,0,
2024-11-16,0,8872,
2024-11-17,0,16165,
2024-11-18,0,15152,
2024-11-19,0,18213,
2024-11-20,0,15315,
2024-11-21,0,15082,
2024-11-22,0,19262,
2024-11-23,0,18345,
2024-11-24,0,13440,
2024-11-25,0,15687,
2024-11-26,0,17323,
2024-11-27,2264,10899,
2024-11-28,978,16935,
2024-11-29,337,16782,
