YEAR,month,Date,PJM_tech,0,1,RGGI_share
2019,1,2019-01-31,Coal,0.9627242159747932,0.037275784025206725,0.03727578402520673
2019,1,2019-01-31,Gas,0.8475975892560811,0.1524024107439189,0.1524024107439189
2019,1,2019-01-31,Hydro,0.7649451607879976,0.23505483921200251,0.23505483921200251
2019,1,2019-01-31,Multiple Fuels,0.8394943319939395,0.1605056680060605,0.1605056680060605
2019,1,2019-01-31,Nuclear,0.8438547375119323,0.15614526248806773,0.15614526248806773
2019,1,2019-01-31,Oil,0.7275638367008501,0.2724361632991498,0.2724361632991498
2019,1,2019-01-31,Other,0.6434204500632467,0.3565795499367532,0.3565795499367533
2019,1,2019-01-31,Other Renewables,0.8206437106203422,0.17935628937965767,0.1793562893796577
2019,1,2019-01-31,Solar,0.6333969838832695,0.3666030161167305,0.3666030161167305
2019,1,2019-01-31,Wind,0.9809933302849255,0.019006669715074472,0.019006669715074472
2019,2,2019-02-28,Coal,0.9767395201772153,0.023260479822784664,0.023260479822784664
2019,2,2019-02-28,Gas,0.8377483283960806,0.16225167160391935,0.16225167160391935
2019,2,2019-02-28,Hydro,0.7412486655118103,0.25875133448818965,0.25875133448818965
2019,2,2019-02-28,Multiple Fuels,0.7855123379132657,0.21448766208673428,0.21448766208673428
2019,2,2019-02-28,Nuclear,0.8504388752225389,0.14956112477746109,0.14956112477746109
2019,2,2019-02-28,Oil,0.8860044374609661,0.11399556253903394,0.11399556253903394
2019,2,2019-02-28,Other,0.6785416263581878,0.3214583736418123,0.3214583736418123
2019,2,2019-02-28,Other Renewables,0.8440834503341612,0.1559165496658387,0.15591654966583873
2019,2,2019-02-28,Solar,0.6005067539619446,0.3994932460380554,0.3994932460380554
2019,2,2019-02-28,Wind,0.9801061016657046,0.019893898334295532,0.019893898334295532
2019,3,2019-03-31,Coal,0.96409405550418,0.035905944495819936,0.035905944495819936
2019,3,2019-03-31,Gas,0.8264328773055565,0.17356712269444358,0.17356712269444358
2019,3,2019-03-31,Hydro,0.7415625549187238,0.2584374450812763,0.2584374450812763
2019,3,2019-03-31,Multiple Fuels,0.762967047900745,0.2370329520992551,0.2370329520992551
2019,3,2019-03-31,Nuclear,0.846871053600061,0.15312894639993901,0.15312894639993901
2019,3,2019-03-31,Oil,0.8829866561588247,0.11701334384117534,0.11701334384117534
2019,3,2019-03-31,Other,0.6812699713132871,0.31873002868671285,0.31873002868671285
2019,3,2019-03-31,Other Renewables,0.8644329271065553,0.1355670728934448,0.1355670728934448
2019,3,2019-03-31,Solar,0.626666263730425,0.373333736269575,0.373333736269575
2019,3,2019-03-31,Wind,0.9800932451123697,0.019906754887630183,0.019906754887630187
2019,4,2019-04-30,Coal,0.9837193364849555,0.016280663515044598,0.016280663515044598
2019,4,2019-04-30,Gas,0.7911918947052082,0.2088081052947917,0.2088081052947917
2019,4,2019-04-30,Hydro,0.7378326181374105,0.26216738186258937,0.2621673818625894
2019,4,2019-04-30,Multiple Fuels,0.8477657956559049,0.152234204344095,0.15223420434409501
2019,4,2019-04-30,Nuclear,0.8502004543979289,0.14979954560207107,0.14979954560207107
2019,4,2019-04-30,Oil,0.9636265660139338,0.03637343398606621,0.03637343398606621
2019,4,2019-04-30,Other,0.6401227851789252,0.3598772148210749,0.3598772148210749
2019,4,2019-04-30,Other Renewables,0.8303907504486425,0.1696092495513575,0.1696092495513575
2019,4,2019-04-30,Solar,0.6353110769350978,0.36468892306490214,0.36468892306490214
2019,4,2019-04-30,Wind,0.979415522737652,0.020584477262348095,0.020584477262348095
2019,5,2019-05-31,Coal,0.9612527922028014,0.03874720779719855,0.038747207797198556
2019,5,2019-05-31,Gas,0.8158309609391479,0.18416903906085214,0.18416903906085214
2019,5,2019-05-31,Hydro,0.7405840400448492,0.2594159599551507,0.2594159599551507
2019,5,2019-05-31,Multiple Fuels,0.8649218515552966,0.13507814844470348,0.13507814844470348
2019,5,2019-05-31,Nuclear,0.8714339323401565,0.1285660676598434,0.1285660676598434
2019,5,2019-05-31,Oil,0.911044708860648,0.08895529113935191,0.08895529113935191
2019,5,2019-05-31,Other,0.6094446383586161,0.39055536164138394,0.39055536164138394
2019,5,2019-05-31,Other Renewables,0.8246712708575514,0.1753287291424485,0.17532872914244851
2019,5,2019-05-31,Solar,0.6443360641842771,0.3556639358157229,0.3556639358157229
2019,5,2019-05-31,Wind,0.974936355147113,0.02506364485288704,0.02506364485288704
2019,6,2019-06-30,Coal,0.9660537325439964,0.03394626745600365,0.03394626745600365
2019,6,2019-06-30,Gas,0.8264227159520031,0.17357728404799683,0.17357728404799683
2019,6,2019-06-30,Hydro,0.7658624730838939,0.23413752691610615,0.23413752691610615
2019,6,2019-06-30,Multiple Fuels,0.9495163018703385,0.05048369812966156,0.05048369812966156
2019,6,2019-06-30,Nuclear,0.8631900895710508,0.13680991042894924,0.13680991042894924
2019,6,2019-06-30,Oil,0.9087850300605793,0.09121496993942066,0.09121496993942066
2019,6,2019-06-30,Other,0.5890205498151354,0.41097945018486465,0.41097945018486465
2019,6,2019-06-30,Other Renewables,0.8288059878154806,0.17119401218451938,0.17119401218451938
2019,6,2019-06-30,Solar,0.6248254015139753,0.37517459848602486,0.37517459848602486
2019,6,2019-06-30,Wind,0.9764950329328209,0.0235049670671791,0.0235049670671791
2019,7,2019-07-31,Coal,0.9527607824637849,0.04723921753621498,0.04723921753621499
2019,7,2019-07-31,Gas,0.8073600802281518,0.19263991977184816,0.1926399197718482
2019,7,2019-07-31,Hydro,0.8336767663685655,0.16632323363143448,0.16632323363143448
2019,7,2019-07-31,Multiple Fuels,0.8410876654475161,0.1589123345524839,0.1589123345524839
2019,7,2019-07-31,Nuclear,0.8449614669319839,0.15503853306801613,0.15503853306801613
2019,7,2019-07-31,Oil,0.8394206055632627,0.16057939443673727,0.16057939443673727
2019,7,2019-07-31,Other,0.6095164915884898,0.3904835084115103,0.3904835084115103
2019,7,2019-07-31,Other Renewables,0.8409363793794489,0.15906362062055115,0.15906362062055115
2019,7,2019-07-31,Solar,0.6308736931437081,0.3691263068562919,0.3691263068562919
2019,7,2019-07-31,Wind,0.9653015327147508,0.03469846728524921,0.03469846728524921
2019,8,2019-08-31,Coal,0.9458979554148129,0.05410204458518706,0.05410204458518706
2019,8,2019-08-31,Gas,0.8180677160145914,0.1819322839854087,0.1819322839854087
2019,8,2019-08-31,Hydro,0.8905048030891042,0.1094951969108958,0.1094951969108958
2019,8,2019-08-31,Multiple Fuels,0.8616702870882821,0.13832971291171797,0.13832971291171797
2019,8,2019-08-31,Nuclear,0.8531422648564424,0.1468577351435576,0.1468577351435576
2019,8,2019-08-31,Oil,0.9152465889022802,0.08475341109771985,0.08475341109771985
2019,8,2019-08-31,Other,0.5993375637836871,0.4006624362163129,0.4006624362163129
2019,8,2019-08-31,Other Renewables,0.8311729132941387,0.16882708670586133,0.16882708670586133
2019,8,2019-08-31,Solar,0.6299604495158998,0.3700395504841003,0.3700395504841003
2019,8,2019-08-31,Wind,0.9649843647584764,0.03501563524152359,0.03501563524152359
2019,9,2019-09-30,Coal,0.9520503129597222,0.04794968704027781,0.04794968704027781
2019,9,2019-09-30,Gas,0.8363973930979789,0.1636026069020211,0.1636026069020211
2019,9,2019-09-30,Hydro,0.9233007255729049,0.076699274427095,0.07669927442709501
2019,9,2019-09-30,Multiple Fuels,0.6828035631801432,0.3171964368198567,0.3171964368198567
2019,9,2019-09-30,Nuclear,0.842302083187483,0.157697916812517,0.157697916812517
2019,9,2019-09-30,Oil,0.8841512660207633,0.11584873397923674,0.11584873397923674
2019,9,2019-09-30,Other,0.6030878350201262,0.39691216497987375,0.39691216497987375
2019,9,2019-09-30,Other Renewables,0.8374413356839558,0.16255866431604424,0.16255866431604424
2019,9,2019-09-30,Solar,0.6302001671154706,0.3697998328845295,0.3697998328845295
2019,9,2019-09-30,Wind,0.9693420144378591,0.030657985562140895,0.030657985562140895
2019,10,2019-10-31,Coal,0.96509059286659,0.03490940713340996,0.03490940713340996
2019,10,2019-10-31,Gas,0.8148966943252225,0.18510330567477742,0.18510330567477745
2019,10,2019-10-31,Hydro,0.8651060937676758,0.13489390623232408,0.1348939062323241
2019,10,2019-10-31,Multiple Fuels,0.6986746676915655,0.30132533230843445,0.30132533230843445
2019,10,2019-10-31,Nuclear,0.8435959648761095,0.1564040351238904,0.1564040351238904
2019,10,2019-10-31,Oil,0.8474396124912239,0.152560387508776,0.15256038750877604
2019,10,2019-10-31,Other,0.5522874595962447,0.4477125404037553,0.4477125404037553
2019,10,2019-10-31,Other Renewables,0.8238583448859509,0.17614165511404917,0.17614165511404917
2019,10,2019-10-31,Solar,0.6449845741897963,0.3550154258102036,0.3550154258102037
2019,10,2019-10-31,Wind,0.976510776344908,0.02348922365509195,0.02348922365509195
2019,11,2019-11-30,Coal,0.9564010799345923,0.043598920065407616,0.043598920065407616
2019,11,2019-11-30,Gas,0.8183529595254055,0.18164704047459437,0.1816470404745944
2019,11,2019-11-30,Hydro,0.8652236549835676,0.1347763450164325,0.1347763450164325
2019,11,2019-11-30,Multiple Fuels,0.7943262936628193,0.20567370633718066,0.20567370633718068
2019,11,2019-11-30,Nuclear,0.8526243075671396,0.14737569243286042,0.14737569243286042
2019,11,2019-11-30,Oil,0.8825901262844568,0.11740987371554334,0.11740987371554334
2019,11,2019-11-30,Other,0.5249643898930082,0.47503561010699186,0.47503561010699186
2019,11,2019-11-30,Other Renewables,0.8011306575296152,0.1988693424703848,0.1988693424703848
2019,11,2019-11-30,Solar,0.6234260704300865,0.3765739295699134,0.3765739295699135
2019,11,2019-11-30,Wind,0.9778015324176377,0.022198467582362304,0.022198467582362304
2019,12,2019-12-31,Coal,0.9678028984949845,0.03219710150501554,0.03219710150501554
2019,12,2019-12-31,Gas,0.8558588342338881,0.14414116576611188,0.14414116576611188
2019,12,2019-12-31,Hydro,0.7798537668621077,0.22014623313789228,0.22014623313789228
2019,12,2019-12-31,Multiple Fuels,0.8369900969335063,0.16300990306649357,0.1630099030664936
2019,12,2019-12-31,Nuclear,0.8389683676437292,0.16103163235627083,0.16103163235627083
2019,12,2019-12-31,Oil,0.7493740817306216,0.2506259182693784,0.2506259182693784
2019,12,2019-12-31,Other,0.5979182994189496,0.4020817005810504,0.4020817005810504
2019,12,2019-12-31,Other Renewables,0.8203303965772478,0.17966960342275218,0.17966960342275218
2019,12,2019-12-31,Solar,0.6918848234161028,0.3081151765838972,0.3081151765838972
2019,12,2019-12-31,Wind,0.9823890969522102,0.0176109030477899,0.017610903047789898
2020,1,2020-01-31,Coal,0.978738712133557,0.021261287866443032,0.021261287866443032
2020,1,2020-01-31,Gas,0.8854146924780002,0.11458530752199972,0.11458530752199973
2020,1,2020-01-31,Hydro,0.7676990269136841,0.23230097308631595,0.23230097308631595
2020,1,2020-01-31,Multiple Fuels,0.9134610438039502,0.08653895619604976,0.08653895619604976
2020,1,2020-01-31,Nuclear,0.8391475035945737,0.1608524964054263,0.1608524964054263
2020,1,2020-01-31,Oil,0.9527239577697529,0.04727604223024706,0.04727604223024706
2020,1,2020-01-31,Other,0.6590604002652798,0.3409395997347202,0.3409395997347202
2020,1,2020-01-31,Other Renewables,0.8463571966835934,0.15364280331640656,0.15364280331640656
2020,1,2020-01-31,Solar,0.6746749265619356,0.3253250734380643,0.3253250734380643
2020,1,2020-01-31,Wind,0.979913534996231,0.020086465003769014,0.020086465003769014
2020,2,2020-02-29,Coal,0.9856625128335286,0.014337487166471432,0.014337487166471432
2020,2,2020-02-29,Gas,0.8711601482871668,0.12883985171283321,0.12883985171283321
2020,2,2020-02-29,Hydro,0.7836609286479345,0.21633907135206548,0.21633907135206548
2020,2,2020-02-29,Multiple Fuels,0.9027497782209495,0.09725022177905057,0.09725022177905057
2020,2,2020-02-29,Nuclear,0.8500298347417113,0.14997016525828868,0.14997016525828868
2020,2,2020-02-29,Oil,0.8056614171891864,0.1943385828108136,0.1943385828108136
2020,2,2020-02-29,Other,0.7300583736708665,0.26994162632913365,0.26994162632913365
2020,2,2020-02-29,Other Renewables,0.869319218389765,0.1306807816102351,0.1306807816102351
2020,2,2020-02-29,Solar,0.6696290934937026,0.3303709065062974,0.3303709065062974
2020,2,2020-02-29,Wind,0.9761157968066618,0.02388420319333816,0.02388420319333816
2020,3,2020-03-31,Coal,0.9827057837709939,0.017294216229006155,0.017294216229006155
2020,3,2020-03-31,Gas,0.8745050392417496,0.12549496075825028,0.1254949607582503
2020,3,2020-03-31,Hydro,0.75649117189518,0.2435088281048199,0.24350882810481994
2020,3,2020-03-31,Multiple Fuels,0.8809787437164542,0.11902125628354567,0.11902125628354568
2020,3,2020-03-31,Nuclear,0.8658682599290372,0.1341317400709629,0.1341317400709629
2020,3,2020-03-31,Oil,0.93164545011138,0.06835454988861987,0.06835454988861989
2020,3,2020-03-31,Other,0.6166774949904986,0.3833225050095014,0.3833225050095014
2020,3,2020-03-31,Other Renewables,0.8348905522577198,0.1651094477422802,0.1651094477422802
2020,3,2020-03-31,Solar,0.6656705884669657,0.3343294115330343,0.3343294115330343
2020,3,2020-03-31,Wind,0.9780085441089136,0.021991455891086427,0.021991455891086427
2020,4,2020-04-30,Coal,0.9764320556111277,0.023567944388872383,0.023567944388872383
2020,4,2020-04-30,Gas,0.8579039433501943,0.14209605664980568,0.14209605664980568
2020,4,2020-04-30,Hydro,0.7465950623424324,0.25340493765756755,0.25340493765756755
2020,4,2020-04-30,Multiple Fuels,0.9787294900500159,0.02127050994998411,0.02127050994998411
2020,4,2020-04-30,Nuclear,0.8428952277548508,0.15710477224514918,0.15710477224514918
2020,4,2020-04-30,Oil,0.9291482930479116,0.07085170695208845,0.07085170695208845
2020,4,2020-04-30,Other,0.6375384982550429,0.36246150174495706,0.36246150174495706
2020,4,2020-04-30,Other Renewables,0.8384440304327779,0.1615559695672221,0.1615559695672221
2020,4,2020-04-30,Solar,0.7098544008354686,0.2901455991645313,0.29014559916453136
2020,4,2020-04-30,Wind,0.9775281947660778,0.022471805233922306,0.022471805233922306
2020,5,2020-05-31,Coal,0.9783782044249607,0.02162179557503923,0.021621795575039234
2020,5,2020-05-31,Gas,0.887494388983732,0.11250561101626803,0.11250561101626803
2020,5,2020-05-31,Hydro,0.7759555318186795,0.22404446818132043,0.22404446818132046
2020,5,2020-05-31,Multiple Fuels,0.9851487354292524,0.014851264570747683,0.014851264570747683
2020,5,2020-05-31,Nuclear,0.8481632057534532,0.15183679424654678,0.15183679424654678
2020,5,2020-05-31,Oil,0.9219694497558809,0.0780305502441192,0.0780305502441192
2020,5,2020-05-31,Other,0.6178497362550568,0.38215026374494315,0.38215026374494315
2020,5,2020-05-31,Other Renewables,0.8005160614392761,0.199483938560724,0.199483938560724
2020,5,2020-05-31,Solar,0.6705299656631333,0.3294700343368667,0.3294700343368667
2020,5,2020-05-31,Wind,0.9734945850305093,0.026505414969490756,0.026505414969490756
2020,6,2020-06-30,Coal,0.9504326320759247,0.04956736792407534,0.04956736792407534
2020,6,2020-06-30,Gas,0.8566339276654156,0.14336607233458445,0.14336607233458445
2020,6,2020-06-30,Hydro,0.868764810693364,0.13123518930663597,0.13123518930663597
2020,6,2020-06-30,Multiple Fuels,0.8459862741839878,0.15401372581601222,0.15401372581601222
2020,6,2020-06-30,Nuclear,0.8391690969354237,0.16083090306457623,0.16083090306457623
2020,6,2020-06-30,Oil,0.8330002305062996,0.16699976949370043,0.16699976949370043
2020,6,2020-06-30,Other,0.6111630376230788,0.3888369623769212,0.3888369623769212
2020,6,2020-06-30,Other Renewables,0.8333272351909777,0.16667276480902224,0.16667276480902224
2020,6,2020-06-30,Solar,0.6697070305811067,0.3302929694188934,0.3302929694188934
2020,6,2020-06-30,Wind,0.9792769426047472,0.02072305739525273,0.020723057395252733
2020,7,2020-07-31,Coal,0.9541407756390611,0.04585922436093889,0.04585922436093889
2020,7,2020-07-31,Gas,0.8338268396502736,0.16617316034972646,0.16617316034972646
2020,7,2020-07-31,Hydro,0.9202794019320145,0.07972059806798543,0.07972059806798543
2020,7,2020-07-31,Multiple Fuels,0.7378242431671275,0.2621757568328726,0.2621757568328726
2020,7,2020-07-31,Nuclear,0.8397748777174088,0.1602251222825912,0.1602251222825912
2020,7,2020-07-31,Oil,0.8225577144623326,0.17744228553766744,0.17744228553766744
2020,7,2020-07-31,Other,0.6141587478601006,0.38584125213989945,0.38584125213989945
2020,7,2020-07-31,Other Renewables,0.8099574760239346,0.19004252397606528,0.1900425239760653
2020,7,2020-07-31,Solar,0.6956255874822516,0.30437441251774844,0.30437441251774844
2020,7,2020-07-31,Wind,0.981400900779831,0.018599099220168964,0.018599099220168964
2020,8,2020-08-31,Coal,0.9649439467866074,0.03505605321339258,0.03505605321339258
2020,8,2020-08-31,Gas,0.8463683900924512,0.15363160990754868,0.1536316099075487
2020,8,2020-08-31,Hydro,0.9184581551730822,0.08154184482691788,0.08154184482691788
2020,8,2020-08-31,Multiple Fuels,0.8392882810343693,0.16071171896563086,0.16071171896563086
2020,8,2020-08-31,Nuclear,0.8413999399206888,0.15860006007931116,0.15860006007931116
2020,8,2020-08-31,Oil,0.8391828082884787,0.16081719171152142,0.16081719171152142
2020,8,2020-08-31,Other,0.6154111110430829,0.384588888956917,0.38458888895691706
2020,8,2020-08-31,Other Renewables,0.8077911530445981,0.19220884695540183,0.19220884695540183
2020,8,2020-08-31,Solar,0.6793815825342537,0.32061841746574626,0.32061841746574626
2020,8,2020-08-31,Wind,0.9720973651752536,0.027902634824746312,0.027902634824746315
2020,9,2020-09-30,Coal,0.9624376866420977,0.037562313357902215,0.03756231335790222
2020,9,2020-09-30,Gas,0.8771916245154058,0.12280837548459422,0.12280837548459422
2020,9,2020-09-30,Hydro,0.9488016908129635,0.051198309187036474,0.051198309187036474
2020,9,2020-09-30,Multiple Fuels,0.9144140891558014,0.08558591084419866,0.08558591084419866
2020,9,2020-09-30,Nuclear,0.8328501480002729,0.1671498519997271,0.1671498519997271
2020,9,2020-09-30,Oil,0.8641922734217723,0.13580772657822765,0.13580772657822765
2020,9,2020-09-30,Other,0.6041999702099826,0.3958000297900174,0.3958000297900174
2020,9,2020-09-30,Other Renewables,0.8183726623703753,0.18162733762962469,0.18162733762962469
2020,9,2020-09-30,Solar,0.6653194630018752,0.3346805369981249,0.3346805369981249
2020,9,2020-09-30,Wind,0.9839370666292689,0.016062933370731124,0.016062933370731124
2020,10,2020-10-31,Coal,0.9713314090715679,0.028668590928432075,0.028668590928432075
2020,10,2020-10-31,Gas,0.8437887973326742,0.1562112026673258,0.1562112026673258
2020,10,2020-10-31,Hydro,0.9414655972603898,0.058534402739610206,0.058534402739610206
2020,10,2020-10-31,Multiple Fuels,0.8452845286559214,0.15471547134407856,0.15471547134407856
2020,10,2020-10-31,Nuclear,0.8561341161999277,0.14386588380007231,0.14386588380007231
2020,10,2020-10-31,Oil,0.9360219876539885,0.06397801234601164,0.06397801234601164
2020,10,2020-10-31,Other,0.5733903772165404,0.4266096227834597,0.4266096227834597
2020,10,2020-10-31,Other Renewables,0.7994450020972682,0.20055499790273187,0.20055499790273187
2020,10,2020-10-31,Solar,0.7188948310902209,0.28110516890977905,0.28110516890977905
2020,10,2020-10-31,Wind,0.9844887103518635,0.015511289648136525,0.015511289648136525
2020,11,2020-11-30,Coal,0.9842747997582366,0.015725200241763278,0.01572520024176328
2020,11,2020-11-30,Gas,0.844591081947947,0.15540891805205304,0.15540891805205304
2020,11,2020-11-30,Hydro,0.8883441814591206,0.1116558185408794,0.1116558185408794
2020,11,2020-11-30,Multiple Fuels,0.9352629996642898,0.0647370003357101,0.06473700033571012
2020,11,2020-11-30,Nuclear,0.8671596331989249,0.13284036680107517,0.13284036680107517
2020,11,2020-11-30,Oil,0.9276351491541078,0.07236485084589221,0.07236485084589221
2020,11,2020-11-30,Other,0.6138251914256418,0.386174808574358,0.3861748085743581
2020,11,2020-11-30,Other Renewables,0.8212258330412701,0.17877416695872994,0.17877416695872994
2020,11,2020-11-30,Solar,0.7121027649118573,0.2878972350881427,0.2878972350881427
2020,11,2020-11-30,Wind,0.9815002249624332,0.01849977503756692,0.01849977503756692
2020,12,2020-12-31,Coal,0.9697322671160047,0.030267732883995375,0.030267732883995375
2020,12,2020-12-31,Gas,0.9165041245399905,0.08349587546000954,0.08349587546000954
2020,12,2020-12-31,Hydro,0.7997831886165756,0.20021681138342443,0.20021681138342443
2020,12,2020-12-31,Multiple Fuels,0.9901511519485537,0.009848848051446287,0.009848848051446287
2020,12,2020-12-31,Nuclear,0.8593668150216466,0.14063318497835345,0.14063318497835345
2020,12,2020-12-31,Oil,0.894503774551246,0.10549622544875399,0.10549622544875399
2020,12,2020-12-31,Other,0.6176479254719643,0.3823520745280357,0.3823520745280357
2020,12,2020-12-31,Other Renewables,0.8131974509213049,0.18680254907869515,0.18680254907869515
2020,12,2020-12-31,Solar,0.7435195682754974,0.2564804317245025,0.2564804317245026
2020,12,2020-12-31,Wind,0.9748295062816539,0.0251704937183461,0.0251704937183461
2021,1,2021-01-31,Coal,0.9631956744080954,0.03680432559190466,0.03680432559190466
2021,1,2021-01-31,Gas,0.9279768643907131,0.07202313560928676,0.07202313560928678
2021,1,2021-01-31,Hydro,0.7999027447050213,0.20009725529497868,0.20009725529497868
2021,1,2021-01-31,Multiple Fuels,0.9741796991338436,0.025820300866156467,0.025820300866156467
2021,1,2021-01-31,Nuclear,0.8399150804949514,0.16008491950504858,0.16008491950504858
2021,1,2021-01-31,Oil,0.8500224389863718,0.14997756101362833,0.14997756101362833
2021,1,2021-01-31,Other,0.5868966238487011,0.4131033761512989,0.4131033761512989
2021,1,2021-01-31,Other Renewables,0.8231955122333195,0.17680448776668037,0.1768044877666804
2021,1,2021-01-31,Solar,0.7456534825990193,0.25434651740098063,0.25434651740098063
2021,1,2021-01-31,Wind,0.9756949790204067,0.024305020979593174,0.024305020979593178
2021,2,2021-02-28,Coal,0.9530627117393934,0.04693728826060653,0.04693728826060654
2021,2,2021-02-28,Gas,0.9005385146793145,0.0994614853206855,0.0994614853206855
2021,2,2021-02-28,Hydro,0.8656907020935495,0.1343092979064505,0.1343092979064505
2021,2,2021-02-28,Multiple Fuels,0.9745783451182329,0.0254216548817671,0.0254216548817671
2021,2,2021-02-28,Nuclear,0.8402735748390352,0.15972642516096486,0.15972642516096486
2021,2,2021-02-28,Oil,0.9268671476240233,0.0731328523759767,0.0731328523759767
2021,2,2021-02-28,Other,0.6186685228075665,0.3813314771924335,0.3813314771924335
2021,2,2021-02-28,Other Renewables,0.8266017650194772,0.17339823498052265,0.17339823498052268
2021,2,2021-02-28,Solar,0.8101548362606233,0.18984516373937657,0.1898451637393766
2021,2,2021-02-28,Wind,0.9811110483634958,0.018888951636504083,0.018888951636504087
2021,3,2021-03-31,Coal,0.9679041966655518,0.0320958033344482,0.0320958033344482
2021,3,2021-03-31,Gas,0.9049793759909415,0.09502062400905856,0.09502062400905856
2021,3,2021-03-31,Hydro,0.7199681866116598,0.28003181338834016,0.28003181338834016
2021,3,2021-03-31,Multiple Fuels,0.9991464404559777,0.0008535595440222317,0.0008535595440222318
2021,3,2021-03-31,Nuclear,0.8425717076829403,0.15742829231705965,0.15742829231705965
2021,3,2021-03-31,Oil,0.8562948682816499,0.1437051317183501,0.1437051317183501
2021,3,2021-03-31,Other,0.5760738679225728,0.42392613207742713,0.4239261320774272
2021,3,2021-03-31,Other Renewables,0.7938328387177759,0.2061671612822242,0.2061671612822242
2021,3,2021-03-31,Solar,0.7499252419183876,0.2500747580816124,0.2500747580816124
2021,3,2021-03-31,Wind,0.9809675054320767,0.019032494567923275,0.019032494567923275
2021,4,2021-04-30,Coal,0.9891040682880442,0.010895931711955822,0.010895931711955822
2021,4,2021-04-30,Gas,0.8690174476473612,0.13098255235263878,0.13098255235263878
2021,4,2021-04-30,Hydro,0.7792095048939668,0.22079049510603332,0.22079049510603332
2021,4,2021-04-30,Multiple Fuels,0.9196703545700142,0.0803296454299857,0.08032964542998572
2021,4,2021-04-30,Nuclear,0.8253769079406292,0.17462309205937077,0.17462309205937077
2021,4,2021-04-30,Oil,0.9390884241843813,0.060911575815618665,0.060911575815618665
2021,4,2021-04-30,Other,0.6263208380004704,0.37367916199952955,0.37367916199952955
2021,4,2021-04-30,Other Renewables,0.8060971204906734,0.19390287950932658,0.19390287950932658
2021,4,2021-04-30,Solar,0.7824756451076116,0.2175243548923885,0.2175243548923885
2021,4,2021-04-30,Wind,0.9773916672738635,0.02260833272613656,0.02260833272613656
2021,5,2021-05-31,Coal,0.9747631556541636,0.025236844345836392,0.025236844345836392
2021,5,2021-05-31,Gas,0.8796093901387562,0.12039060986124384,0.12039060986124384
2021,5,2021-05-31,Hydro,0.7637788394502247,0.23622116054977527,0.23622116054977527
2021,5,2021-05-31,Multiple Fuels,0.9935959022033686,0.006404097796631344,0.006404097796631345
2021,5,2021-05-31,Nuclear,0.844210714482923,0.15578928551707702,0.15578928551707702
2021,5,2021-05-31,Oil,0.9448509600440468,0.05514903995595319,0.05514903995595319
2021,5,2021-05-31,Other,0.5973876020843985,0.40261239791560155,0.40261239791560155
2021,5,2021-05-31,Other Renewables,0.8376895116303491,0.16231048836965084,0.16231048836965084
2021,5,2021-05-31,Solar,0.780282131373926,0.21971786862607406,0.21971786862607406
2021,5,2021-05-31,Wind,0.9847395834059959,0.015260416594004164,0.015260416594004164
2021,6,2021-06-30,Coal,0.9583493533500506,0.041650646649949497,0.041650646649949497
2021,6,2021-06-30,Gas,0.8596997509214371,0.1403002490785629,0.1403002490785629
2021,6,2021-06-30,Hydro,0.8529870108857057,0.14701298911429428,0.14701298911429428
2021,6,2021-06-30,Multiple Fuels,0.9867298214964537,0.013270178503546278,0.013270178503546278
2021,6,2021-06-30,Nuclear,0.8427501956946952,0.15724980430530477,0.15724980430530477
2021,6,2021-06-30,Oil,0.8785777240952312,0.12142227590476881,0.12142227590476881
2021,6,2021-06-30,Other,0.6211273861184088,0.3788726138815912,0.3788726138815912
2021,6,2021-06-30,Other Renewables,0.820903761714452,0.179096238285548,0.179096238285548
2021,6,2021-06-30,Solar,0.7689931857228447,0.23100681427715536,0.23100681427715536
2021,6,2021-06-30,Wind,0.985179023571384,0.01482097642861611,0.01482097642861611
2021,7,2021-07-31,Coal,0.9544698498471003,0.04553015015289975,0.04553015015289975
2021,7,2021-07-31,Gas,0.8395609380592503,0.16043906194074972,0.16043906194074972
2021,7,2021-07-31,Hydro,0.7930771313969256,0.20692286860307427,0.2069228686030743
2021,7,2021-07-31,Multiple Fuels,0.9996513468907533,0.00034865310924668005,0.00034865310924668005
2021,7,2021-07-31,Nuclear,0.842848858785135,0.1571511412148649,0.1571511412148649
2021,7,2021-07-31,Oil,0.8213783445713514,0.17862165542864866,0.17862165542864866
2021,7,2021-07-31,Other,0.6247672986640384,0.37523270133596165,0.37523270133596165
2021,7,2021-07-31,Other Renewables,0.8438641389715517,0.1561358610284483,0.1561358610284483
2021,7,2021-07-31,Solar,0.8032509616549594,0.19674903834504068,0.19674903834504068
2021,7,2021-07-31,Wind,0.976524539314073,0.023475460685926982,0.023475460685926982
2021,8,2021-08-31,Coal,0.956133983826744,0.04386601617325609,0.04386601617325609
2021,8,2021-08-31,Gas,0.8386650876207011,0.16133491237929887,0.16133491237929887
2021,8,2021-08-31,Hydro,0.8275973811592833,0.17240261884071675,0.17240261884071675
2021,8,2021-08-31,Multiple Fuels,0.9828116231984819,0.0171883768015181,0.0171883768015181
2021,8,2021-08-31,Nuclear,0.8403959577962458,0.15960404220375426,0.15960404220375426
2021,8,2021-08-31,Oil,0.8713753677086936,0.12862463229130647,0.12862463229130647
2021,8,2021-08-31,Other,0.6389673937787839,0.36103260622121613,0.36103260622121613
2021,8,2021-08-31,Other Renewables,0.8329329195197589,0.16706708048024116,0.16706708048024116
2021,8,2021-08-31,Solar,0.800304673767609,0.19969532623239095,0.19969532623239095
2021,8,2021-08-31,Wind,0.9823582421699493,0.01764175783005072,0.01764175783005072
2021,9,2021-09-30,Coal,0.9567679769532771,0.04323202304672284,0.04323202304672285
2021,9,2021-09-30,Gas,0.8581286643674156,0.14187133563258428,0.1418713356325843
2021,9,2021-09-30,Hydro,0.7592024274287217,0.24079757257127835,0.24079757257127835
2021,9,2021-09-30,Multiple Fuels,0.9823826255165852,0.017617374483414872,0.017617374483414872
2021,9,2021-09-30,Nuclear,0.8379766229726655,0.1620233770273345,0.1620233770273345
2021,9,2021-09-30,Oil,0.8833261009192394,0.1166738990807607,0.1166738990807607
2021,9,2021-09-30,Other,0.5887371893942168,0.41126281060578307,0.4112628106057831
2021,9,2021-09-30,Other Renewables,0.8064531918123227,0.1935468081876774,0.1935468081876774
2021,9,2021-09-30,Solar,0.808947935116902,0.19105206488309806,0.19105206488309806
2021,9,2021-09-30,Wind,0.9813038668721888,0.018696133127811036,0.01869613312781104
2021,10,2021-10-31,Coal,0.9636478171474813,0.03635218285251869,0.03635218285251869
2021,10,2021-10-31,Gas,0.8380372348480624,0.16196276515193767,0.16196276515193767
2021,10,2021-10-31,Hydro,0.7806333285217292,0.2193666714782709,0.2193666714782709
2021,10,2021-10-31,Multiple Fuels,0.997981702763468,0.0020182972365320132,0.0020182972365320132
2021,10,2021-10-31,Nuclear,0.8559078005615723,0.14409219943842763,0.14409219943842763
2021,10,2021-10-31,Oil,0.8811370142482223,0.11886298575177774,0.11886298575177774
2021,10,2021-10-31,Other,0.6292671037774307,0.3707328962225694,0.3707328962225694
2021,10,2021-10-31,Other Renewables,0.8008039380027151,0.19919606199728504,0.19919606199728498
2021,10,2021-10-31,Solar,0.803134617256106,0.19686538274389404,0.19686538274389404
2021,10,2021-10-31,Wind,0.9783621728166731,0.021637827183327005,0.021637827183327
2021,11,2021-11-30,Coal,0.965669650853484,0.034330349146516115,0.034330349146516115
2021,11,2021-11-30,Gas,0.8569425944575605,0.14305740554243948,0.14305740554243948
2021,11,2021-11-30,Hydro,0.742439168575256,0.25756083142474406,0.25756083142474406
2021,11,2021-11-30,Multiple Fuels,0.9936683230910375,0.006331676908962468,0.006331676908962469
2021,11,2021-11-30,Nuclear,0.8429270403268958,0.1570729596731042,0.1570729596731042
2021,11,2021-11-30,Oil,0.8955753860569389,0.1044246139430612,0.1044246139430612
2021,11,2021-11-30,Other,0.6131069147110633,0.38689308528893673,0.38689308528893673
2021,11,2021-11-30,Other Renewables,0.8276641148322129,0.172335885167787,0.17233588516778703
2021,11,2021-11-30,Solar,0.8123501741813457,0.18764982581865433,0.18764982581865433
2021,11,2021-11-30,Wind,0.9805087766600902,0.01949122333990986,0.01949122333990986
2021,12,2021-12-31,Coal,0.9752430933993972,0.024756906600602674,0.024756906600602677
2021,12,2021-12-31,Gas,0.892502340255812,0.10749765974418803,0.10749765974418803
2021,12,2021-12-31,Hydro,0.8347039557193533,0.16529604428064668,0.16529604428064668
2021,12,2021-12-31,Multiple Fuels,0.9962869128363933,0.003713087163606759,0.003713087163606759
2021,12,2021-12-31,Nuclear,0.8388383726414144,0.16116162735858564,0.16116162735858564
2021,12,2021-12-31,Oil,0.9174171864854245,0.08258281351457554,0.08258281351457554
2021,12,2021-12-31,Other,0.6268567117833603,0.37314328821663967,0.37314328821663967
2021,12,2021-12-31,Other Renewables,0.8282874526485342,0.1717125473514657,0.17171254735146574
2021,12,2021-12-31,Solar,0.798520469647218,0.20147953035278204,0.20147953035278204
2021,12,2021-12-31,Wind,0.9803850896465425,0.019614910353457516,0.019614910353457516
2022,1,2022-01-31,Coal,0.9373565872859878,0.06264341271401219,0.06264341271401219
2022,1,2022-01-31,Gas,0.9408885711362853,0.05911142886371463,0.05911142886371463
2022,1,2022-01-31,Hydro,0.8081781674117985,0.19182183258820157,0.19182183258820157
2022,1,2022-01-31,Multiple Fuels,0.9184875345186766,0.08151246548132343,0.08151246548132343
2022,1,2022-01-31,Nuclear,0.8424487261904419,0.15755127380955813,0.15755127380955813
2022,1,2022-01-31,Oil,0.8654174449434483,0.1345825550565518,0.1345825550565518
2022,1,2022-01-31,Other,0.6263989469798507,0.3736010530201493,0.3736010530201493
2022,1,2022-01-31,Other Renewables,0.8372707643048468,0.16272923569515316,0.16272923569515316
2022,1,2022-01-31,Solar,0.8081579372681734,0.1918420627318265,0.19184206273182652
2022,1,2022-01-31,Wind,0.9810984977379823,0.018901502262017717,0.018901502262017717
2022,2,2022-02-28,Coal,0.9675820905136043,0.032417909486395766,0.032417909486395766
2022,2,2022-02-28,Gas,0.9086126781672795,0.09138732183272055,0.09138732183272055
2022,2,2022-02-28,Hydro,0.7311951499301841,0.26880485006981597,0.26880485006981597
2022,2,2022-02-28,Multiple Fuels,0.9842464203458716,0.01575357965412827,0.015753579654128273
2022,2,2022-02-28,Nuclear,0.8557833707315331,0.14421662926846684,0.14421662926846684
2022,2,2022-02-28,Oil,0.9238261851402032,0.07617381485979692,0.0761738148597969
2022,2,2022-02-28,Other,0.6090123538706781,0.39098764612932185,0.39098764612932185
2022,2,2022-02-28,Other Renewables,0.8354916974162144,0.16450830258378554,0.16450830258378554
2022,2,2022-02-28,Solar,0.8145730552420886,0.18542694475791138,0.18542694475791138
2022,2,2022-02-28,Wind,0.9832546170962595,0.016745382903740485,0.016745382903740485
2022,3,2022-03-31,Coal,0.9728967597315744,0.0271032402684257,0.0271032402684257
2022,3,2022-03-31,Gas,0.8909392448328153,0.10906075516718468,0.10906075516718468
2022,3,2022-03-31,Hydro,0.71601824507456,0.2839817549254399,0.2839817549254399
2022,3,2022-03-31,Multiple Fuels,0.9811688823258886,0.018831117674111355,0.018831117674111355
2022,3,2022-03-31,Nuclear,0.8237243946992195,0.17627560530078046,0.17627560530078046
2022,3,2022-03-31,Oil,0.8978050326551863,0.10219496734481379,0.10219496734481379
2022,3,2022-03-31,Other,0.6018137911587339,0.3981862088412661,0.3981862088412661
2022,3,2022-03-31,Other Renewables,0.8313949647281342,0.1686050352718657,0.1686050352718657
2022,3,2022-03-31,Solar,0.8064712544948248,0.1935287455051752,0.1935287455051752
2022,3,2022-03-31,Wind,0.9805764097791668,0.019423590220833186,0.019423590220833186
2022,4,2022-04-30,Coal,0.9612066791633762,0.03879332083662379,0.03879332083662379
2022,4,2022-04-30,Gas,0.8361351427837682,0.16386485721623187,0.16386485721623187
2022,4,2022-04-30,Hydro,0.6945850427754044,0.30541495722459555,0.30541495722459555
2022,4,2022-04-30,Multiple Fuels,0.9764131072988148,0.023586892701185302,0.023586892701185302
2022,4,2022-04-30,Nuclear,0.8334085552094269,0.16659144479057308,0.16659144479057308
2022,4,2022-04-30,Oil,0.9518765446271098,0.04812345537289026,0.04812345537289026
2022,4,2022-04-30,Other,0.6353339382857046,0.3646660617142954,0.3646660617142954
2022,4,2022-04-30,Other Renewables,0.8356976528517811,0.16430234714821892,0.16430234714821892
2022,4,2022-04-30,Solar,0.8153470582559739,0.18465294174402613,0.18465294174402613
2022,4,2022-04-30,Wind,0.984752442187634,0.015247557812365975,0.015247557812365975
2022,5,2022-05-31,Coal,0.9621492997542627,0.0378507002457373,0.0378507002457373
2022,5,2022-05-31,Gas,0.8557887708500065,0.14421122914999351,0.14421122914999351
2022,5,2022-05-31,Hydro,0.7610514546706751,0.2389485453293249,0.2389485453293249
2022,5,2022-05-31,Multiple Fuels,0.9526408386332872,0.04735916136671268,0.047359161366712685
2022,5,2022-05-31,Nuclear,0.8485150974632372,0.15148490253676283,0.15148490253676283
2022,5,2022-05-31,Oil,0.9040136933422562,0.09598630665774376,0.09598630665774376
2022,5,2022-05-31,Other,0.6373724044515515,0.3626275955484485,0.3626275955484485
2022,5,2022-05-31,Other Renewables,0.8488604799485476,0.1511395200514524,0.1511395200514524
2022,5,2022-05-31,Solar,0.8138179008866107,0.18618209911338937,0.18618209911338937
2022,5,2022-05-31,Wind,0.9861544234258033,0.013845576574196813,0.013845576574196813
2022,6,2022-06-30,Coal,0.9714286054115056,0.02857139458849441,0.02857139458849441
2022,6,2022-06-30,Gas,0.8457349283452434,0.15426507165475653,0.15426507165475653
2022,6,2022-06-30,Hydro,0.8652115640454634,0.1347884359545366,0.1347884359545366
2022,6,2022-06-30,Multiple Fuels,0.9320329123342599,0.06796708766574008,0.06796708766574008
2022,6,2022-06-30,Nuclear,0.8438872772087772,0.15611272279122276,0.15611272279122276
2022,6,2022-06-30,Oil,0.8734688297538562,0.1265311702461438,0.1265311702461438
2022,6,2022-06-30,Other,0.6415779406368373,0.3584220593631627,0.3584220593631627
2022,6,2022-06-30,Other Renewables,0.8359125230927223,0.16408747690727768,0.16408747690727768
2022,6,2022-06-30,Solar,0.8323266186960793,0.16767338130392073,0.16767338130392073
2022,6,2022-06-30,Wind,0.9812268364436145,0.018773163556385523,0.018773163556385523
2022,7,2022-07-31,Coal,0.9703943297191384,0.029605670280861633,0.029605670280861633
2022,7,2022-07-31,Gas,0.8225717279772373,0.17742827202276257,0.1774282720227626
2022,7,2022-07-31,Hydro,0.921779559009563,0.07822044099043696,0.07822044099043696
2022,7,2022-07-31,Multiple Fuels,0.9909526154172263,0.009047384582773694,0.009047384582773694
2022,7,2022-07-31,Nuclear,0.84007424886456,0.15992575113544008,0.15992575113544008
2022,7,2022-07-31,Oil,0.8488056762562309,0.15119432374376904,0.15119432374376904
2022,7,2022-07-31,Other,0.6499771361126488,0.3500228638873512,0.3500228638873512
2022,7,2022-07-31,Other Renewables,0.8339312475836715,0.16606875241632837,0.1660687524163284
2022,7,2022-07-31,Solar,0.8190547813985751,0.18094521860142493,0.18094521860142493
2022,7,2022-07-31,Wind,0.9815194586202856,0.01848054137971441,0.01848054137971441
2022,8,2022-08-31,Coal,0.9765595905715032,0.023440409428496706,0.02344040942849671
2022,8,2022-08-31,Gas,0.8225600700883169,0.17743992991168311,0.17743992991168311
2022,8,2022-08-31,Hydro,0.9420772070740399,0.05792279292596013,0.05792279292596013
2022,8,2022-08-31,Multiple Fuels,0.8963603098109715,0.10363969018902855,0.10363969018902855
2022,8,2022-08-31,Nuclear,0.8393897816138729,0.1606102183861271,0.1606102183861271
2022,8,2022-08-31,Oil,0.809326525312315,0.19067347468768497,0.19067347468768497
2022,8,2022-08-31,Other,0.6547646555407642,0.34523534445923576,0.34523534445923576
2022,8,2022-08-31,Other Renewables,0.8441534961904603,0.15584650380953968,0.15584650380953968
2022,8,2022-08-31,Solar,0.8136870379318227,0.18631296206817727,0.18631296206817727
2022,8,2022-08-31,Wind,0.9844145362016221,0.015585463798377726,0.015585463798377728
2022,9,2022-09-30,Coal,0.967572813322748,0.03242718667725201,0.03242718667725201
2022,9,2022-09-30,Gas,0.859882071795252,0.14011792820474797,0.14011792820474797
2022,9,2022-09-30,Hydro,0.8708463323092829,0.1291536676907172,0.1291536676907172
2022,9,2022-09-30,Multiple Fuels,0.9877458634329044,0.01225413656709565,0.01225413656709565
2022,9,2022-09-30,Nuclear,0.8446743758105806,0.1553256241894195,0.1553256241894195
2022,9,2022-09-30,Oil,0.895767230374612,0.10423276962538801,0.10423276962538801
2022,9,2022-09-30,Other,0.6422181257257161,0.3577818742742839,0.3577818742742839
2022,9,2022-09-30,Other Renewables,0.8179930343599517,0.1820069656400481,0.18200696564004812
2022,9,2022-09-30,Solar,0.8196458100456969,0.1803541899543031,0.1803541899543031
2022,9,2022-09-30,Wind,0.9805274976218253,0.019472502378174668,0.019472502378174668
2022,10,2022-10-31,Coal,0.9827638989014715,0.017236101098528425,0.017236101098528425
2022,10,2022-10-31,Gas,0.844513415175221,0.15548658482477895,0.15548658482477895
2022,10,2022-10-31,Hydro,0.8579367053006655,0.14206329469933462,0.14206329469933462
2022,10,2022-10-31,Multiple Fuels,0.9960831426587022,0.003916857341297728,0.003916857341297728
2022,10,2022-10-31,Nuclear,0.8501088232082566,0.14989117679174332,0.14989117679174332
2022,10,2022-10-31,Oil,0.9126669867261628,0.08733301327383718,0.08733301327383719
2022,10,2022-10-31,Other,0.6935050775365605,0.3064949224634395,0.3064949224634395
2022,10,2022-10-31,Other Renewables,0.833254312554671,0.16674568744532905,0.16674568744532905
2022,10,2022-10-31,Solar,0.8143381305795112,0.18566186942048887,0.18566186942048887
2022,10,2022-10-31,Wind,0.9859173223717246,0.014082677628275479,0.014082677628275479
2022,11,2022-11-30,Coal,0.9875200286356506,0.012479971364349422,0.012479971364349422
2022,11,2022-11-30,Gas,0.8617557407538626,0.13824425924613737,0.13824425924613737
2022,11,2022-11-30,Hydro,0.7976874506995315,0.20231254930046846,0.20231254930046846
2022,11,2022-11-30,Multiple Fuels,0.9860382964443968,0.013961703555603142,0.013961703555603144
2022,11,2022-11-30,Nuclear,0.8273200731800657,0.17267992681993427,0.17267992681993427
2022,11,2022-11-30,Oil,0.8976636338226174,0.10233636617738254,0.10233636617738255
2022,11,2022-11-30,Other,0.6376922906924517,0.3623077093075483,0.3623077093075483
2022,11,2022-11-30,Other Renewables,0.8045679418131766,0.1954320581868234,0.1954320581868234
2022,11,2022-11-30,Solar,0.7760908357338027,0.22390916426619736,0.22390916426619736
2022,11,2022-11-30,Wind,0.9825679534729151,0.017432046527084837,0.017432046527084837
2022,12,2022-12-31,Coal,0.9756553882741622,0.024344611725837885,0.024344611725837885
2022,12,2022-12-31,Gas,0.9209283145733926,0.0790716854266074,0.0790716854266074
2022,12,2022-12-31,Hydro,0.752688538311546,0.24731146168845403,0.24731146168845403
2022,12,2022-12-31,Multiple Fuels,0.7357800294321536,0.26421997056784635,0.26421997056784635
2022,12,2022-12-31,Nuclear,0.8380220896920717,0.1619779103079283,0.1619779103079283
2022,12,2022-12-31,Oil,0.8601225218680251,0.13987747813197504,0.13987747813197504
2022,12,2022-12-31,Other,0.6452317292383846,0.3547682707616154,0.3547682707616154
2022,12,2022-12-31,Other Renewables,0.8078120360712685,0.19218796392873158,0.19218796392873158
2022,12,2022-12-31,Solar,0.7756785310233478,0.22432146897665206,0.2243214689766521
2022,12,2022-12-31,Wind,0.986345451521407,0.01365454847859307,0.01365454847859307
2023,1,2023-01-31,Coal,0.9949007497095971,0.005099250290403022,0.005099250290403022
2023,1,2023-01-31,Gas,0.9060390941411045,0.09396090585889556,0.09396090585889556
2023,1,2023-01-31,Hydro,0.725261008455066,0.274738991544934,0.274738991544934
2023,1,2023-01-31,Multiple Fuels,0.9988113673544731,0.001188632645527115,0.0011886326455271148
2023,1,2023-01-31,Nuclear,0.8355532581403782,0.1644467418596218,0.1644467418596218
2023,1,2023-01-31,Oil,0.9007439486544749,0.09925605134552498,0.099256051345525
2023,1,2023-01-31,Other,0.6612291459627238,0.3387708540372763,0.3387708540372763
2023,1,2023-01-31,Other Renewables,0.8283099016378356,0.17169009836216445,0.17169009836216445
2023,1,2023-01-31,Solar,0.8218397802520512,0.17816021974794882,0.17816021974794882
2023,1,2023-01-31,Wind,0.9795985538653958,0.020401446134604158,0.020401446134604158
2023,2,2023-02-28,Coal,0.9921412861841401,0.007858713815859878,0.007858713815859878
2023,2,2023-02-28,Gas,0.923154430489832,0.07684556951016795,0.07684556951016795
2023,2,2023-02-28,Hydro,0.8218029293953317,0.17819707060466825,0.17819707060466825
2023,2,2023-02-28,Multiple Fuels,0.9761697102234882,0.02383028977651174,0.023830289776511745
2023,2,2023-02-28,Nuclear,0.8410983259288117,0.1589016740711883,0.1589016740711883
2023,2,2023-02-28,Oil,0.7079631884200489,0.29203681157995115,0.29203681157995115
2023,2,2023-02-28,Other,0.658641022501252,0.34135897749874805,0.34135897749874805
2023,2,2023-02-28,Other Renewables,0.8252292713703923,0.17477072862960774,0.17477072862960774
2023,2,2023-02-28,Solar,0.8027599566035115,0.19724004339648848,0.19724004339648848
2023,2,2023-02-28,Wind,0.9811351465631359,0.018864853436864094,0.018864853436864094
2023,3,2023-03-31,Coal,0.9901793438012918,0.0098206561987082,0.0098206561987082
2023,3,2023-03-31,Gas,0.8876474653245363,0.11235253467546373,0.11235253467546373
2023,3,2023-03-31,Hydro,0.7464446303461257,0.25355536965387426,0.25355536965387426
2023,3,2023-03-31,Multiple Fuels,0.9993917636664195,0.0006082363335804663,0.0006082363335804664
2023,3,2023-03-31,Nuclear,0.8334224074785725,0.16657759252142737,0.1665775925214274
2023,3,2023-03-31,Oil,0.9138579001235521,0.08614209987644793,0.08614209987644793
2023,3,2023-03-31,Other,0.6361854151180811,0.36381458488191887,0.36381458488191887
2023,3,2023-03-31,Other Renewables,0.8104147069703604,0.18958529302963953,0.18958529302963953
2023,3,2023-03-31,Solar,0.8072108548915333,0.19278914510846668,0.19278914510846668
2023,3,2023-03-31,Wind,0.9822794430827851,0.017720556917214803,0.017720556917214803
2023,4,2023-04-30,Coal,0.9928448464200547,0.007155153579945314,0.007155153579945314
2023,4,2023-04-30,Gas,0.8252284488293555,0.17477155117064438,0.1747715511706444
2023,4,2023-04-30,Hydro,0.7989624742373292,0.20103752576267078,0.20103752576267078
2023,4,2023-04-30,Multiple Fuels,0.9889727237548114,0.011027276245188627,0.011027276245188627
2023,4,2023-04-30,Nuclear,0.848732460082942,0.15126753991705794,0.15126753991705794
2023,4,2023-04-30,Oil,0.7860809824984794,0.21391901750152076,0.21391901750152076
2023,4,2023-04-30,Other,0.622451886379444,0.37754811362055585,0.3775481136205559
2023,4,2023-04-30,Other Renewables,0.8023720164658492,0.19762798353415087,0.19762798353415087
2023,4,2023-04-30,Solar,0.8039382749720464,0.19606172502795358,0.19606172502795358
2023,4,2023-04-30,Wind,0.9863840935577869,0.013615906442213138,0.013615906442213138
2023,5,2023-05-31,Coal,1.0,0.0,0.0
2023,5,2023-05-31,Gas,0.8700616098803859,0.12993839011961408,0.12993839011961408
2023,5,2023-05-31,Hydro,0.7817767800987901,0.2182232199012099,0.2182232199012099
2023,5,2023-05-31,Multiple Fuels,0.9797950499988092,0.020204950001190786,0.020204950001190786
2023,5,2023-05-31,Nuclear,0.8301330468587576,0.16986695314124245,0.16986695314124245
2023,5,2023-05-31,Oil,0.9447036860192755,0.055296313980724585,0.055296313980724585
2023,5,2023-05-31,Other,0.6341986070136403,0.3658013929863599,0.36580139298635983
2023,5,2023-05-31,Other Renewables,0.831906174607996,0.16809382539200401,0.16809382539200401
2023,5,2023-05-31,Solar,0.7923371119678791,0.20766288803212085,0.20766288803212085
2023,5,2023-05-31,Wind,0.9862170333176375,0.013782966682362468,0.013782966682362468
2023,6,2023-06-30,Coal,0.9892841974373847,0.010715802562615256,0.010715802562615256
2023,6,2023-06-30,Gas,0.8882359939720351,0.11176400602796484,0.11176400602796484
2023,6,2023-06-30,Hydro,0.8794879754400288,0.12051202455997125,0.12051202455997125
2023,6,2023-06-30,Multiple Fuels,0.8371109650215293,0.1628890349784707,0.1628890349784707
2023,6,2023-06-30,Nuclear,0.8375911380560658,0.16240886194393428,0.16240886194393428
2023,6,2023-06-30,Oil,0.9197316974219168,0.08026830257808305,0.08026830257808307
2023,6,2023-06-30,Other,0.627989961791338,0.372010038208662,0.372010038208662
2023,6,2023-06-30,Other Renewables,0.8223718287317997,0.17762817126820035,0.17762817126820035
2023,6,2023-06-30,Solar,0.8193822720174366,0.18061772798256337,0.18061772798256337
2023,6,2023-06-30,Wind,0.9813110582305118,0.018688941769488168,0.018688941769488168
2023,7,2023-07-31,Coal,0.9720797802610933,0.02792021973890668,0.02792021973890668
2023,7,2023-07-31,Gas,0.8465820132816713,0.15341798671832862,0.15341798671832865
2023,7,2023-07-31,Hydro,0.8196429494092214,0.18035705059077856,0.18035705059077856
2023,7,2023-07-31,Multiple Fuels,0.9208498395632233,0.07915016043677671,0.07915016043677671
2023,7,2023-07-31,Nuclear,0.8403360167263403,0.15966398327365966,0.15966398327365966
2023,7,2023-07-31,Oil,0.7960471936592949,0.20395280634070515,0.20395280634070515
2023,7,2023-07-31,Other,0.6195341806569532,0.3804658193430468,0.3804658193430468
2023,7,2023-07-31,Other Renewables,0.8000398840123715,0.1999601159876286,0.1999601159876286
2023,7,2023-07-31,Solar,0.8240678547272828,0.1759321452727171,0.1759321452727171
2023,7,2023-07-31,Wind,0.9791010268381872,0.02089897316181272,0.02089897316181272
2023,8,2023-08-31,Coal,0.9676584465833498,0.03234155341665028,0.03234155341665028
2023,8,2023-08-31,Gas,0.8682982072295424,0.13170179277045763,0.13170179277045763
2023,8,2023-08-31,Hydro,0.775923121133827,0.224076878866173,0.224076878866173
2023,8,2023-08-31,Multiple Fuels,0.9610808466709062,0.03891915332909383,0.03891915332909383
2023,8,2023-08-31,Nuclear,0.8388392371195307,0.1611607628804693,0.1611607628804693
2023,8,2023-08-31,Oil,0.8189024376557228,0.1810975623442772,0.1810975623442772
2023,8,2023-08-31,Other,0.6425187843993309,0.35748121560066914,0.35748121560066914
2023,8,2023-08-31,Other Renewables,0.8320502089863165,0.16794979101368335,0.16794979101368337
2023,8,2023-08-31,Solar,0.8223843506709572,0.17761564932904275,0.17761564932904278
2023,8,2023-08-31,Wind,0.9805516153337319,0.019448384666268123,0.019448384666268123
2023,9,2023-09-30,Coal,0.9665165929919687,0.03348340700803126,0.03348340700803126
2023,9,2023-09-30,Gas,0.8903142312735598,0.10968576872644019,0.10968576872644019
2023,9,2023-09-30,Hydro,0.7439793243863927,0.2560206756136073,0.2560206756136073
2023,9,2023-09-30,Multiple Fuels,0.939158169029152,0.0608418309708482,0.060841830970848186
2023,9,2023-09-30,Nuclear,0.8371082940814856,0.16289170591851446,0.16289170591851446
2023,9,2023-09-30,Oil,0.8677950811736316,0.13220491882636845,0.13220491882636845
2023,9,2023-09-30,Other,0.6406861764668751,0.359313823533125,0.359313823533125
2023,9,2023-09-30,Other Renewables,0.8249758489888644,0.17502415101113555,0.17502415101113555
2023,9,2023-09-30,Solar,0.8308126673372015,0.1691873326627985,0.1691873326627985
2023,9,2023-09-30,Wind,0.9804576786182104,0.019542321381789574,0.019542321381789574
2023,10,2023-10-31,Coal,0.9947910431442246,0.005208956855775372,0.005208956855775372
2023,10,2023-10-31,Gas,0.8460309374515013,0.15396906254849865,0.15396906254849868
2023,10,2023-10-31,Hydro,0.8564286001490815,0.14357139985091846,0.14357139985091846
2023,10,2023-10-31,Multiple Fuels,0.9976452258936871,0.002354774106312816,0.0023547741063128166
2023,10,2023-10-31,Nuclear,0.8576746392571339,0.14232536074286606,0.14232536074286606
2023,10,2023-10-31,Oil,0.7872575650724639,0.21274243492753603,0.21274243492753603
2023,10,2023-10-31,Other,0.5953353802370811,0.4046646197629188,0.40466461976291884
2023,10,2023-10-31,Other Renewables,0.798067029801389,0.20193297019861112,0.20193297019861112
2023,10,2023-10-31,Solar,0.8209928745686664,0.17900712543133346,0.17900712543133349
2023,10,2023-10-31,Wind,0.9851220808048315,0.014877919195168449,0.014877919195168449
2023,11,2023-11-30,Coal,0.9904009437480289,0.009599056251971166,0.009599056251971166
2023,11,2023-11-30,Gas,0.8580820140854923,0.14191798591450772,0.14191798591450772
2023,11,2023-11-30,Hydro,0.7978371593405267,0.20216284065947326,0.20216284065947326
2023,11,2023-11-30,Multiple Fuels,0.9574254038491171,0.04257459615088297,0.04257459615088297
2023,11,2023-11-30,Nuclear,0.8490835429416718,0.15091645705832826,0.15091645705832826
2023,11,2023-11-30,Oil,0.9331697186367478,0.06683028136325211,0.06683028136325213
2023,11,2023-11-30,Other,0.5997291534016298,0.4002708465983702,0.4002708465983702
2023,11,2023-11-30,Other Renewables,0.8116360621849904,0.18836393781500962,0.18836393781500962
2023,11,2023-11-30,Solar,0.8218440003082076,0.17815599969179244,0.17815599969179244
2023,11,2023-11-30,Wind,0.9823166451943967,0.017683354805603346,0.017683354805603346
2023,12,2023-12-31,Coal,0.9917989183005602,0.008201081699439776,0.008201081699439776
2023,12,2023-12-31,Gas,0.8948832666327324,0.10511673336726755,0.10511673336726755
2023,12,2023-12-31,Hydro,0.7371262594432667,0.2628737405567333,0.2628737405567333
2023,12,2023-12-31,Multiple Fuels,0.988635683162798,0.011364316837201866,0.011364316837201868
2023,12,2023-12-31,Nuclear,0.844950804998129,0.15504919500187092,0.15504919500187092
2023,12,2023-12-31,Oil,0.9170255257779659,0.0829744742220342,0.08297447422203419
2023,12,2023-12-31,Other,0.6142349936204448,0.3857650063795553,0.3857650063795553
2023,12,2023-12-31,Other Renewables,0.8267667328415551,0.17323326715844484,0.17323326715844484
2023,12,2023-12-31,Solar,0.8458262259509626,0.15417377404903743,0.15417377404903743
2023,12,2023-12-31,Wind,0.980270991482946,0.019729008517053916,0.019729008517053916
2024,1,2024-01-31,Coal,0.9786876591143984,0.021312340885601497,0.0213123408856015
2024,1,2024-01-31,Gas,0.8949353984879905,0.10506460151200943,0.10506460151200943
2024,1,2024-01-31,Hydro,0.23312895020083135,0.7668710497991686,0.7668710497991686
2024,1,2024-01-31,Multiple Fuels,0.9477130960677311,0.052286903932268834,0.052286903932268834
2024,1,2024-01-31,Nuclear,0.8424706314032218,0.1575293685967783,0.1575293685967783
2024,1,2024-01-31,Oil,0.7058174795484816,0.29418252045151844,0.29418252045151844
2024,1,2024-01-31,Other,0.5985927335496994,0.4014072664503006,0.4014072664503006
2024,1,2024-01-31,Other Renewables,0.6860589078557506,0.31394109214424937,0.31394109214424937
2024,1,2024-01-31,Solar,0.9507198814915623,0.04928011850843765,0.04928011850843766
2024,1,2024-01-31,Wind,0.9657772755236431,0.03422272447635683,0.03422272447635683
2024,2,2024-02-29,Coal,0.9886001227270035,0.01139987727299655,0.01139987727299655
2024,2,2024-02-29,Gas,0.9145746562737043,0.0854253437262957,0.0854253437262957
2024,2,2024-02-29,Hydro,0.20814470525688325,0.7918552947431168,0.7918552947431168
2024,2,2024-02-29,Multiple Fuels,0.999989342456259,1.0657543741016078e-05,1.0657543741016078e-05
2024,2,2024-02-29,Nuclear,0.8587387703474021,0.1412612296525979,0.1412612296525979
2024,2,2024-02-29,Oil,0.929190985244765,0.070809014755235,0.070809014755235
2024,2,2024-02-29,Other,0.6016577772890596,0.3983422227109405,0.3983422227109405
2024,2,2024-02-29,Other Renewables,0.7134117732615886,0.2865882267384114,0.2865882267384114
2024,2,2024-02-29,Solar,0.9488278456712479,0.05117215432875214,0.05117215432875214
2024,2,2024-02-29,Wind,0.9746834537849421,0.02531654621505784,0.02531654621505784
2024,3,2024-03-31,Coal,0.978043526214885,0.021956473785115067,0.021956473785115067
2024,3,2024-03-31,Gas,0.9346925025160839,0.06530749748391604,0.06530749748391604
2024,3,2024-03-31,Hydro,0.15434266431606286,0.8456573356839372,0.8456573356839372
2024,3,2024-03-31,Multiple Fuels,0.9842643646943908,0.01573563530560929,0.015735635305609286
2024,3,2024-03-31,Nuclear,0.8284650407370666,0.1715349592629334,0.1715349592629334
2024,3,2024-03-31,Oil,0.900813348850201,0.099186651149799,0.099186651149799
2024,3,2024-03-31,Other,0.572545574531569,0.427454425468431,0.427454425468431
2024,3,2024-03-31,Other Renewables,0.6963977427611893,0.3036022572388106,0.3036022572388107
2024,3,2024-03-31,Solar,0.9467807796330641,0.05321922036693583,0.053219220366935834
2024,3,2024-03-31,Wind,0.9724789739079998,0.027521026092000262,0.027521026092000262
2024,4,2024-04-30,Coal,0.9866782519790419,0.01332174802095806,0.01332174802095806
2024,4,2024-04-30,Gas,0.8431616499191051,0.15683835008089494,0.15683835008089494
2024,4,2024-04-30,Hydro,0.1242220714127031,0.875777928587297,0.875777928587297
2024,4,2024-04-30,Multiple Fuels,0.9983889927480178,0.0016110072519820225,0.0016110072519820227
2024,4,2024-04-30,Nuclear,0.8393066816943108,0.16069331830568917,0.16069331830568917
2024,4,2024-04-30,Oil,0.5023303353408022,0.4976696646591978,0.4976696646591978
2024,4,2024-04-30,Other,0.5759466040583927,0.42405339594160735,0.42405339594160735
2024,4,2024-04-30,Other Renewables,0.705434406633163,0.294565593366837,0.294565593366837
2024,4,2024-04-30,Solar,0.9531036123968848,0.04689638760311511,0.04689638760311512
2024,4,2024-04-30,Wind,0.9753784308133949,0.0246215691866051,0.0246215691866051
2024,5,2024-05-31,Coal,0.9508049226935597,0.049195077306440266,0.04919507730644027
2024,5,2024-05-31,Gas,0.9026131541378479,0.09738684586215213,0.09738684586215213
2024,5,2024-05-31,Hydro,0.20688291303931486,0.7931170869606852,0.7931170869606852
2024,5,2024-05-31,Multiple Fuels,0.9999950501635239,4.949836476212205e-06,4.949836476212205e-06
2024,5,2024-05-31,Nuclear,0.8430916933037349,0.15690830669626507,0.15690830669626507
2024,5,2024-05-31,Oil,0.6652702191206992,0.3347297808793008,0.3347297808793008
2024,5,2024-05-31,Other,0.570043827956439,0.4299561720435609,0.4299561720435609
2024,5,2024-05-31,Other Renewables,0.7004390697857523,0.2995609302142477,0.2995609302142477
2024,5,2024-05-31,Solar,0.9570537540186451,0.04294624598135484,0.04294624598135484
2024,5,2024-05-31,Wind,0.9749476403715073,0.025052359628492723,0.025052359628492723
2024,6,2024-06-30,Coal,0.9796235342181975,0.020376465781802588,0.020376465781802588
2024,6,2024-06-30,Gas,0.8857241499459173,0.11427585005408267,0.11427585005408267
2024,6,2024-06-30,Hydro,0.19691515633502155,0.8030848436649785,0.8030848436649785
2024,6,2024-06-30,Multiple Fuels,0.9875162606163386,0.012483739383661313,0.012483739383661315
2024,6,2024-06-30,Nuclear,0.8394833377384754,0.1605166622615246,0.1605166622615246
2024,6,2024-06-30,Oil,0.8624618515691774,0.13753814843082254,0.13753814843082254
2024,6,2024-06-30,Other,0.596422675428352,0.403577324571648,0.403577324571648
2024,6,2024-06-30,Other Renewables,0.7188818630590679,0.28111813694093213,0.28111813694093213
2024,6,2024-06-30,Solar,0.9572859573182672,0.04271404268173277,0.042714042681732775
2024,6,2024-06-30,Wind,0.9747195635627224,0.02528043643727764,0.02528043643727764
2024,7,2024-07-31,Coal,0.9694182414345793,0.03058175856542067,0.03058175856542067
2024,7,2024-07-31,Gas,0.8654407815339394,0.13455921846606045,0.13455921846606048
2024,7,2024-07-31,Hydro,0.25084722878552623,0.7491527712144738,0.7491527712144738
2024,7,2024-07-31,Multiple Fuels,0.8361166083197415,0.16388339168025845,0.16388339168025845
2024,7,2024-07-31,Nuclear,0.8437829558039158,0.1562170441960842,0.1562170441960842
2024,7,2024-07-31,Oil,0.8828894349398514,0.11711056506014864,0.11711056506014864
2024,7,2024-07-31,Other,0.5540456689816999,0.4459543310183001,0.4459543310183001
2024,7,2024-07-31,Other Renewables,0.7147076081087699,0.2852923918912302,0.2852923918912302
2024,7,2024-07-31,Solar,0.959727299311394,0.04027270068860591,0.04027270068860592
2024,7,2024-07-31,Wind,0.964146975739127,0.03585302426087304,0.03585302426087304
2024,8,2024-08-31,Coal,0.9844350047885672,0.015564995211432774,0.015564995211432776
2024,8,2024-08-31,Gas,0.9001443531495983,0.09985564685040162,0.09985564685040163
2024,8,2024-08-31,Hydro,0.20725884470150108,0.792741155298499,0.792741155298499
2024,8,2024-08-31,Multiple Fuels,0.928888895815173,0.07111110418482708,0.07111110418482708
2024,8,2024-08-31,Nuclear,0.8408553361672918,0.1591446638327082,0.1591446638327082
2024,8,2024-08-31,Oil,0.8751591039985076,0.12484089600149235,0.12484089600149235
2024,8,2024-08-31,Other,0.5856789366294017,0.4143210633705983,0.4143210633705983
2024,8,2024-08-31,Other Renewables,0.6971678706157193,0.3028321293842809,0.30283212938428083
2024,8,2024-08-31,Solar,0.96119029686002,0.03880970313998007,0.03880970313998007
2024,8,2024-08-31,Wind,0.9697466645948136,0.030253335405186398,0.030253335405186398
2024,9,2024-09-30,Coal,0.981912144766144,0.0180878552338561,0.0180878552338561
2024,9,2024-09-30,Gas,0.9107585938884663,0.08924140611153378,0.08924140611153378
2024,9,2024-09-30,Hydro,0.291866028708134,0.7081339712918661,0.7081339712918661
2024,9,2024-09-30,Multiple Fuels,0.9914412710817299,0.008558728918270227,0.008558728918270227
2024,9,2024-09-30,Nuclear,0.8353508978845993,0.1646491021154008,0.1646491021154008
2024,9,2024-09-30,Oil,0.889016692963526,0.110983307036474,0.110983307036474
2024,9,2024-09-30,Other,0.5769145901025132,0.42308540989748666,0.4230854098974867
2024,9,2024-09-30,Other Renewables,0.6954921928300973,0.3045078071699027,0.3045078071699027
2024,9,2024-09-30,Solar,0.962787181643768,0.037212818356232066,0.037212818356232066
2024,9,2024-09-30,Wind,0.9574816992103029,0.042518300789697094,0.042518300789697094
2024,10,2024-10-31,Coal,,,0.01703391409621055
2024,10,2024-10-31,Gas,,,0.12872505198287454
2024,10,2024-10-31,Hydro,,,0.16807667959229836
2024,10,2024-10-31,Multiple Fuels,,,0.002293749617431951
2024,10,2024-10-31,Nuclear,,,0.150969003799284
2024,10,2024-10-31,Oil,,,0.5816075742603252
2024,10,2024-10-31,Other,,,0.3958786382710947
2024,10,2024-10-31,Other Renewables,,,0.1892915732137417
2024,10,2024-10-31,Solar,,,0.05286032231037109
2024,10,2024-10-31,Storage,,,0.0
2024,10,2024-10-31,Wind,,,0.013285630996136564
2024,11,2024-11-30,Coal,,,0.016342135529044108
2024,11,2024-11-30,Gas,,,0.11556394508458996
2024,11,2024-11-30,Hydro,,,0.22034168092504666
2024,11,2024-11-30,Multiple Fuels,,,0.017395010597165503
2024,11,2024-11-30,Nuclear,,,0.16631840209353876
2024,11,2024-11-30,Oil,,,0.37982370924733316
2024,11,2024-11-30,Other,,,0.4206067552333124
2024,11,2024-11-30,Other Renewables,,,0.1853772937232067
2024,11,2024-11-30,Solar,,,0.05332474407049046
2024,11,2024-11-30,Storage,,,0.0
2024,11,2024-11-30,Wind,,,0.014338064467137993
2024,12,2024-12-31,Coal,,,0.016600907677577593
2024,12,2024-12-31,Gas,,,0.07965800274826894
2024,12,2024-12-31,Hydro,,,0.22481651076665848
2024,12,2024-12-31,Multiple Fuels,,,0.07727910220651832
2024,12,2024-12-31,Nuclear,,,0.16546007558736894
2024,12,2024-12-31,Oil,,,0.4240316926650454
2024,12,2024-12-31,Other,,,0.4075088673328335
2024,12,2024-12-31,Other Renewables,,,0.17904459281288074
2024,12,2024-12-31,Solar,,,0.05069914273129327
2024,12,2024-12-31,Storage,,,0.0
2024,12,2024-12-31,Wind,,,0.013677653386707522
2025,1,2025-01-31,Coal,,,0.030287891035876258
2025,1,2025-01-31,Gas,,,0.061472442168614895
2025,1,2025-01-31,Hydro,,,0.22187994716696918
2025,1,2025-01-31,Multiple Fuels,,,0.030026906974427888
2025,1,2025-01-31,Nuclear,,,0.1668075248201727
2025,1,2025-01-31,Oil,,,0.5328477217669327
2025,1,2025-01-31,Other,,,0.41182617300035546
2025,1,2025-01-31,Other Renewables,,,0.17040794060799933
2025,1,2025-01-31,Solar,,,0.05355886582756115
2025,1,2025-01-31,Storage,,,0.0
2025,1,2025-01-31,Wind,,,0.01641571542115314
2025,2,2025-02-28,Coal,,,0.025266394428901818
2025,2,2025-02-28,Gas,,,0.07310598948993202
2025,2,2025-02-28,Hydro,,,0.19347444581628642
2025,2,2025-02-28,Multiple Fuels,,,0.017986451054490534
2025,2,2025-02-28,Nuclear,,,0.1601508327801531
2025,2,2025-02-28,Oil,,,0.6127122491662625
2025,2,2025-02-28,Other,,,0.4075094291787791
2025,2,2025-02-28,Other Renewables,,,0.17089242206463864
2025,2,2025-02-28,Solar,,,0.04878915883547697
2025,2,2025-02-28,Storage,,,0.0
2025,2,2025-02-28,Wind,,,0.01826397015004104
2025,3,2025-03-31,Coal,,,0.019995421914933996
2025,3,2025-03-31,Gas,,,0.08641651225036268
2025,3,2025-03-31,Hydro,,,0.27185398942472866
2025,3,2025-03-31,Multiple Fuels,,,0.00561486889324648
2025,3,2025-03-31,Nuclear,,,0.1731044826411852
2025,3,2025-03-31,Oil,,,0.4609704964403622
2025,3,2025-03-31,Other,,,0.43394622218457685
2025,3,2025-03-31,Other Renewables,,,0.18811916319457647
2025,3,2025-03-31,Solar,,,0.05396710761827372
2025,3,2025-03-31,Storage,,,0.0
2025,3,2025-03-31,Wind,,,0.018826124669570583
2025,4,2025-04-30,Coal,,,0.016468166151277018
2025,4,2025-04-30,Gas,,,0.1282528755337754
2025,4,2025-04-30,Hydro,,,0.24181924690931184
2025,4,2025-04-30,Multiple Fuels,,,0.03180393225291228
2025,4,2025-04-30,Nuclear,,,0.1704057751268717
2025,4,2025-04-30,Oil,,,0.4483535184006632
2025,4,2025-04-30,Other,,,0.4083200132843668
2025,4,2025-04-30,Other Renewables,,,0.18527773673056547
2025,4,2025-04-30,Solar,,,0.06295779476910453
2025,4,2025-04-30,Storage,,,0.0
2025,4,2025-04-30,Wind,,,0.017249419643089473
2025,5,2025-05-31,Coal,,,0.018276840891979836
2025,5,2025-05-31,Gas,,,0.10774888394647524
2025,5,2025-05-31,Hydro,,,0.23056359452800032
2025,5,2025-05-31,Multiple Fuels,,,0.020466346326696656
2025,5,2025-05-31,Nuclear,,,0.1650975940972885
2025,5,2025-05-31,Oil,,,0.2865867813462027
2025,5,2025-05-31,Other,,,0.41386288320692083
2025,5,2025-05-31,Other Renewables,,,0.16051461127103575
2025,5,2025-05-31,Solar,,,0.09837872711069472
2025,5,2025-05-31,Storage,,,0.0
2025,5,2025-05-31,Wind,,,0.014373107408609814
2025,6,2025-06-30,Coal,,,0.023448179872409495
2025,6,2025-06-30,Gas,,,0.110956563913098
2025,6,2025-06-30,Hydro,,,0.1337752832839908
2025,6,2025-06-30,Multiple Fuels,,,0.06966192158653302
2025,6,2025-06-30,Nuclear,,,0.16462364044770167
2025,6,2025-06-30,Oil,,,0.39381322964964277
2025,6,2025-06-30,Other,,,0.4059091486280119
2025,6,2025-06-30,Other Renewables,,,0.17360396215367535
2025,6,2025-06-30,Solar,,,0.10022376348031874
2025,6,2025-06-30,Storage,,,0.0
2025,6,2025-06-30,Wind,,,0.017521300407581174
2025,7,2025-07-31,Coal,,,0.029855954315345344
2025,7,2025-07-31,Gas,,,0.13415554205327287
2025,7,2025-07-31,Hydro,,,0.15478588302207974
2025,7,2025-07-31,Multiple Fuels,,,0.025266832298829308
2025,7,2025-07-31,Nuclear,,,0.16495909653946736
2025,7,2025-07-31,Oil,,,0.6404365649841547
2025,7,2025-07-31,Other,,,0.40459796230475614
2025,7,2025-07-31,Other Renewables,,,0.17405490981080177
2025,7,2025-07-31,Solar,,,0.09574734515599152
2025,7,2025-07-31,Storage,,,0.0
2025,7,2025-07-31,Wind,,,0.021064192586098325
2025,8,2025-08-31,Coal,,,0.028868618512852284
2025,8,2025-08-31,Gas,,,0.12847330327816214
2025,8,2025-08-31,Hydro,,,0.1510956076919382
2025,8,2025-08-31,Multiple Fuels,,,0.045584184429345954
2025,8,2025-08-31,Nuclear,,,0.16656257734226124
2025,8,2025-08-31,Oil,,,0.6003942011825685
2025,8,2025-08-31,Other,,,0.3892397769348694
2025,8,2025-08-31,Other Renewables,,,0.16362112510115476
2025,8,2025-08-31,Solar,,,0.10622210693497301
2025,8,2025-08-31,Storage,,,0.0
2025,8,2025-08-31,Wind,,,0.0176528446883603
2025,9,2025-09-30,Coal,,,0.031619272131438225
2025,9,2025-09-30,Gas,,,0.10695490805505845
2025,9,2025-09-30,Hydro,,,0.20814509296506062
2025,9,2025-09-30,Multiple Fuels,,,0.02588523108339529
2025,9,2025-09-30,Nuclear,,,0.16617008782144926
2025,9,2025-09-30,Oil,,,0.42367702704463805
2025,9,2025-09-30,Other,,,0.4128811829322207
2025,9,2025-09-30,Other Renewables,,,0.183525974946287
2025,9,2025-09-30,Solar,,,0.1005339149780943
2025,9,2025-09-30,Storage,,,0.0
2025,9,2025-09-30,Wind,,,0.01934031006794741
2025,10,2025-10-31,Coal,,,0.01703391409621055
2025,10,2025-10-31,Gas,,,0.1287304749477146
2025,10,2025-10-31,Hydro,,,0.16792056259018903
2025,10,2025-10-31,Multiple Fuels,,,0.0023655475024100875
2025,10,2025-10-31,Nuclear,,,0.150969003799284
2025,10,2025-10-31,Oil,,,0.5026586395884345
2025,10,2025-10-31,Other,,,0.3958786382710947
2025,10,2025-10-31,Other Renewables,,,0.1892915732137417
2025,10,2025-10-31,Solar,,,0.10397705212585244
2025,10,2025-10-31,Storage,,,0.0
2025,10,2025-10-31,Wind,,,0.01695673165051462
2025,11,2025-11-30,Coal,,,0.016342135529044108
2025,11,2025-11-30,Gas,,,0.11556881359465325
2025,11,2025-11-30,Hydro,,,0.22013701789416584
2025,11,2025-11-30,Multiple Fuels,,,0.017939501138137026
2025,11,2025-11-30,Nuclear,,,0.16631840209353876
2025,11,2025-11-30,Oil,,,0.32826544464539903
2025,11,2025-11-30,Other,,,0.4206067552333124
2025,11,2025-11-30,Other Renewables,,,0.1853772937232067
2025,11,2025-11-30,Solar,,,0.1176371370212543
2025,11,2025-11-30,Storage,,,0.0
2025,11,2025-11-30,Wind,,,0.01829997473418753
2025,12,2025-12-31,Coal,,,0.016600907677577593
2025,12,2025-12-31,Gas,,,0.07965087155740404
2025,12,2025-12-31,Hydro,,,0.22460769131728153
2025,12,2025-12-31,Multiple Fuels,,,0.07969805676427395
2025,12,2025-12-31,Nuclear,,,0.16546007558736894
2025,12,2025-12-31,Oil,,,0.366472520665611
2025,12,2025-12-31,Other,,,0.4075088673328335
2025,12,2025-12-31,Other Renewables,,,0.17904459281288074
2025,12,2025-12-31,Solar,,,0.1451746076197112
2025,12,2025-12-31,Storage,,,0.0
2025,12,2025-12-31,Wind,,,0.01685009578701501
2026,1,2026-01-31,Coal,,,0.030287891035876258
2026,1,2026-01-31,Gas,,,0.0608580260767568
2026,1,2026-01-31,Hydro,,,0.22167385532684059
2026,1,2026-01-31,Multiple Fuels,,,0.030966795267733785
2026,1,2026-01-31,Nuclear,,,0.1668075248201727
2026,1,2026-01-31,Oil,,,0.46051757711683233
2026,1,2026-01-31,Other,,,0.41182617300035546
2026,1,2026-01-31,Other Renewables,,,0.17040794060799933
2026,1,2026-01-31,Solar,,,0.15386712942948708
2026,1,2026-01-31,Storage,,,0.0
2026,1,2026-01-31,Wind,,,0.02022323343327495
2026,2,2026-02-28,Coal,,,0.025266394428901818
2026,2,2026-02-28,Gas,,,0.07237529627571715
2026,2,2026-02-28,Hydro,,,0.19329473825341173
2026,2,2026-02-28,Multiple Fuels,,,0.018549454589907362
2026,2,2026-02-28,Nuclear,,,0.1601508327801531
2026,2,2026-02-28,Oil,,,0.5295410844963147
2026,2,2026-02-28,Other,,,0.4075094291787791
2026,2,2026-02-28,Other Renewables,,,0.17089242206463864
2026,2,2026-02-28,Solar,,,0.14109228910541396
2026,2,2026-02-28,Storage,,,0.0
2026,2,2026-02-28,Wind,,,0.017121883848160314
2026,3,2026-03-31,Coal,,,0.019995421914933996
2026,3,2026-03-31,Gas,,,0.0855527805706738
2026,3,2026-03-31,Hydro,,,0.27185398942472866
2026,3,2026-03-31,Multiple Fuels,,,0.005790622910991438
2026,3,2026-03-31,Nuclear,,,0.1731044826411852
2026,3,2026-03-31,Oil,,,0.39839715451746327
2026,3,2026-03-31,Other,,,0.43394622218457685
2026,3,2026-03-31,Other Renewables,,,0.18811916319457647
2026,3,2026-03-31,Solar,,,0.15435789136951755
2026,3,2026-03-31,Storage,,,0.0
2026,3,2026-03-31,Wind,,,0.01764888560676106
2026,4,2026-04-30,Coal,,,0.016468166151277018
2026,4,2026-04-30,Gas,,,0.1269687165036431
2026,4,2026-04-30,Hydro,,,0.24181924690931184
2026,4,2026-04-30,Multiple Fuels,,,0.03279944416597957
2026,4,2026-04-30,Nuclear,,,0.1704057751268717
2026,4,2026-04-30,Oil,,,0.38749283810580387
2026,4,2026-04-30,Other,,,0.4083200132843668
2026,4,2026-04-30,Other Renewables,,,0.18527773673056547
2026,4,2026-04-30,Solar,,,0.142261538870767
2026,4,2026-04-30,Storage,,,0.0
2026,4,2026-04-30,Wind,,,0.01601654512928997
2026,5,2026-05-31,Coal,,,0.018276840891979836
2026,5,2026-05-31,Gas,,,0.10667002546684524
2026,5,2026-05-31,Hydro,,,0.23056359452800032
2026,5,2026-05-31,Multiple Fuels,,,0.02110697439190459
2026,5,2026-05-31,Nuclear,,,0.1650975940972885
2026,5,2026-05-31,Oil,,,0.2476847414147186
2026,5,2026-05-31,Other,,,0.41386288320692083
2026,5,2026-05-31,Other Renewables,,,0.16051461127103575
2026,5,2026-05-31,Solar,,,0.14395226692334237
2026,5,2026-05-31,Storage,,,0.0
2026,5,2026-05-31,Wind,,,0.013345812683637603
2026,6,2026-06-30,Coal,,,0.023448179872409495
2026,6,2026-06-30,Gas,,,0.10985738952155694
2026,6,2026-06-30,Hydro,,,0.1337752832839908
2026,6,2026-06-30,Multiple Fuels,,,0.06966192158653302
2026,6,2026-06-30,Nuclear,,,0.16462364044770167
2026,6,2026-06-30,Oil,,,0.39381322964964277
2026,6,2026-06-30,Other,,,0.4059091486280119
2026,6,2026-06-30,Other Renewables,,,0.17360396215367535
2026,6,2026-06-30,Solar,,,0.13427118666975768
2026,6,2026-06-30,Storage,,,0.0
2026,6,2026-06-30,Wind,,,0.016268993653609558
2026,7,2026-07-31,Coal,,,0.029855954315345344
2026,7,2026-07-31,Gas,,,0.13282655049921072
2026,7,2026-07-31,Hydro,,,0.15478588302207974
2026,7,2026-07-31,Multiple Fuels,,,0.025266832298829308
2026,7,2026-07-31,Nuclear,,,0.16495909653946736
2026,7,2026-07-31,Oil,,,0.6404365649841547
2026,7,2026-07-31,Other,,,0.40459796230475614
2026,7,2026-07-31,Other Renewables,,,0.17405490981080177
2026,7,2026-07-31,Solar,,,0.1256765592714489
2026,7,2026-07-31,Storage,,,0.0
2026,7,2026-07-31,Wind,,,0.019558663314360243
2026,8,2026-08-31,Coal,,,0.028868618512852284
2026,8,2026-08-31,Gas,,,0.12720060196172048
2026,8,2026-08-31,Hydro,,,0.1510956076919382
2026,8,2026-08-31,Multiple Fuels,,,0.045584184429345954
2026,8,2026-08-31,Nuclear,,,0.16656257734226124
2026,8,2026-08-31,Oil,,,0.6003942011825685
2026,8,2026-08-31,Other,,,0.3892397769348694
2026,8,2026-08-31,Other Renewables,,,0.16362112510115476
2026,8,2026-08-31,Solar,,,0.1279460605931718
2026,8,2026-08-31,Storage,,,0.0
2026,8,2026-08-31,Wind,,,0.016391136018581408
2026,9,2026-09-30,Coal,,,0.031619272131438225
2026,9,2026-09-30,Gas,,,0.10589537546106226
2026,9,2026-09-30,Hydro,,,0.20814509296506062
2026,9,2026-09-30,Multiple Fuels,,,0.02588523108339529
2026,9,2026-09-30,Nuclear,,,0.16617008782144926
2026,9,2026-09-30,Oil,,,0.42367702704463805
2026,9,2026-09-30,Other,,,0.4128811829322207
2026,9,2026-09-30,Other Renewables,,,0.183525974946287
2026,9,2026-09-30,Solar,,,0.12093319644420467
2026,9,2026-09-30,Storage,,,0.0
2026,9,2026-09-30,Wind,,,0.017957992525379836
2026,10,2026-10-31,Coal,,,0.01703391409621055
2026,10,2026-10-31,Gas,,,0.1274552259990876
2026,10,2026-10-31,Hydro,,,0.16792056259018903
2026,10,2026-10-31,Multiple Fuels,,,0.0023655475024100875
2026,10,2026-10-31,Nuclear,,,0.150969003799284
2026,10,2026-10-31,Oil,,,0.5026586395884345
2026,10,2026-10-31,Other,,,0.3958786382710947
2026,10,2026-10-31,Other Renewables,,,0.1892915732137417
2026,10,2026-10-31,Solar,,,0.12561774457957642
2026,10,2026-10-31,Storage,,,0.0
2026,10,2026-10-31,Wind,,,0.015740825760940096
2026,11,2026-11-30,Coal,,,0.016342135529044108
2026,11,2026-11-30,Gas,,,0.11442394865035382
2026,11,2026-11-30,Hydro,,,0.22013701789416584
2026,11,2026-11-30,Multiple Fuels,,,0.017939501138137026
2026,11,2026-11-30,Nuclear,,,0.16631840209353876
2026,11,2026-11-30,Oil,,,0.32826544464539903
2026,11,2026-11-30,Other,,,0.4206067552333124
2026,11,2026-11-30,Other Renewables,,,0.1853772937232067
2026,11,2026-11-30,Solar,,,0.1319218732033604
2026,11,2026-11-30,Storage,,,0.0
2026,11,2026-11-30,Wind,,,0.0169877497419563
2026,12,2026-12-31,Coal,,,0.016600907677577593
2026,12,2026-12-31,Gas,,,0.07886182226467005
2026,12,2026-12-31,Hydro,,,0.22460769131728153
2026,12,2026-12-31,Multiple Fuels,,,0.07900235737816842
2026,12,2026-12-31,Nuclear,,,0.16546007558736894
2026,12,2026-12-31,Oil,,,0.366472520665611
2026,12,2026-12-31,Other,,,0.4075088673328335
2026,12,2026-12-31,Other Renewables,,,0.17904459281288074
2026,12,2026-12-31,Solar,,,0.1336845869910383
2026,12,2026-12-31,Storage,,,0.0
2026,12,2026-12-31,Wind,,,0.07786600940598855
2027,1,2027-01-31,Coal,,,0.030287891035876258
2027,1,2027-01-31,Gas,,,0.0608580260767568
2027,1,2027-01-31,Hydro,,,0.22167385532684059
2027,1,2027-01-31,Multiple Fuels,,,0.028871937111060973
2027,1,2027-01-31,Nuclear,,,0.1668075248201727
2027,1,2027-01-31,Oil,,,0.46051757711683233
2027,1,2027-01-31,Other,,,0.41182617300035546
2027,1,2027-01-31,Other Renewables,,,0.17040794060799933
2027,1,2027-01-31,Solar,,,0.1439128308360791
2027,1,2027-01-31,Storage,,,0.0
2027,1,2027-01-31,Wind,,,0.07762022597229938
2027,2,2027-02-28,Coal,,,0.025266394428901818
2027,2,2027-02-28,Gas,,,0.07237529627571715
2027,2,2027-02-28,Hydro,,,0.19329473825341173
2027,2,2027-02-28,Multiple Fuels,,,0.01729461126777682
2027,2,2027-02-28,Nuclear,,,0.1601508327801531
2027,2,2027-02-28,Oil,,,0.5295410844963147
2027,2,2027-02-28,Other,,,0.4075094291787791
2027,2,2027-02-28,Other Renewables,,,0.17089242206463864
2027,2,2027-02-28,Solar,,,0.13196444756973127
2027,2,2027-02-28,Storage,,,0.0
2027,2,2027-02-28,Wind,,,0.06650486295309736
2027,3,2027-03-31,Coal,,,0.019995421914933996
2027,3,2027-03-31,Gas,,,0.0855527805706738
2027,3,2027-03-31,Hydro,,,0.2687074074105989
2027,3,2027-03-31,Multiple Fuels,,,0.00539889578739249
2027,3,2027-03-31,Nuclear,,,0.1731044826411852
2027,3,2027-03-31,Oil,,,0.39839715451746327
2027,3,2027-03-31,Other,,,0.43394622218457685
2027,3,2027-03-31,Other Renewables,,,0.18811916319457647
2027,3,2027-03-31,Solar,,,0.1449509997694607
2027,3,2027-03-31,Storage,,,0.0
2027,3,2027-03-31,Wind,,,0.06855184446766649
2027,4,2027-04-30,Coal,,,0.016468166151277018
2027,4,2027-04-30,Gas,,,0.12620685419465796
2027,4,2027-04-30,Hydro,,,0.2390203029077712
2027,4,2027-04-30,Multiple Fuels,,,0.030580610006636307
2027,4,2027-04-30,Nuclear,,,0.1704057751268717
2027,4,2027-04-30,Oil,,,0.38749283810580387
2027,4,2027-04-30,Other,,,0.4083200132843668
2027,4,2027-04-30,Other Renewables,,,0.18527773673056547
2027,4,2027-04-30,Solar,,,0.1362607573628323
2027,4,2027-04-30,Storage,,,0.0
2027,4,2027-04-30,Wind,,,0.06281056528016463
2027,5,2027-05-31,Coal,,,0.018276840891979836
2027,5,2027-05-31,Gas,,,0.10602996329925342
2027,5,2027-05-31,Hydro,,,0.22789492940673386
2027,5,2027-05-31,Multiple Fuels,,,0.019679118616540033
2027,5,2027-05-31,Nuclear,,,0.1650975940972885
2027,5,2027-05-31,Oil,,,0.2476847414147186
2027,5,2027-05-31,Other,,,0.41386288320692083
2027,5,2027-05-31,Other Renewables,,,0.16051461127103575
2027,5,2027-05-31,Solar,,,0.1397510633534755
2027,5,2027-05-31,Storage,,,0.0
2027,5,2027-05-31,Wind,,,0.05233700726441431
2027,6,2027-06-30,Coal,,,0.023448179872409495
2027,6,2027-06-30,Gas,,,0.10919820191420981
2027,6,2027-06-30,Hydro,,,0.1322268973242804
2027,6,2027-06-30,Multiple Fuels,,,0.06494939504372005
2027,6,2027-06-30,Nuclear,,,0.16462364044770167
2027,6,2027-06-30,Oil,,,0.39381322964964277
2027,6,2027-06-30,Other,,,0.4059091486280119
2027,6,2027-06-30,Other Renewables,,,0.17360396215367535
2027,6,2027-06-30,Solar,,,0.13173303723460456
2027,6,2027-06-30,Storage,,,0.0
2027,6,2027-06-30,Wind,,,0.06380056870404031
2027,7,2027-07-31,Coal,,,0.031180520122914692
2027,7,2027-07-31,Gas,,,0.13202953887899044
2027,7,2027-07-31,Hydro,,,0.15299430925636415
2027,7,2027-07-31,Multiple Fuels,,,0.023557568254007785
2027,7,2027-07-31,Nuclear,,,0.16495909653946736
2027,7,2027-07-31,Oil,,,0.6404365649841547
2027,7,2027-07-31,Other,,,0.40459796230475614
2027,7,2027-07-31,Other Renewables,,,0.17405490981080177
2027,7,2027-07-31,Solar,,,0.1258953027294734
2027,7,2027-07-31,Storage,,,0.0
2027,7,2027-07-31,Wind,,,0.07670135406747643
2027,8,2027-08-31,Coal,,,0.030149380956082373
2027,8,2027-08-31,Gas,,,0.1264373482486527
2027,8,2027-08-31,Hydro,,,0.14934674712681084
2027,8,2027-08-31,Multiple Fuels,,,0.04250048139383705
2027,8,2027-08-31,Nuclear,,,0.16656257734226124
2027,8,2027-08-31,Oil,,,0.6003942011825685
2027,8,2027-08-31,Other,,,0.3892397769348694
2027,8,2027-08-31,Other Renewables,,,0.16362112510115476
2027,8,2027-08-31,Solar,,,0.12816875417976428
2027,8,2027-08-31,Storage,,,0.0
2027,8,2027-08-31,Wind,,,0.064279562827093
2027,9,2027-09-30,Coal,,,0.03302206791157535
2027,9,2027-09-30,Gas,,,0.10525996149862138
2027,9,2027-09-30,Hydro,,,0.20573591145097228
2027,9,2027-09-30,Multiple Fuels,,,0.024134133270283433
2027,9,2027-09-30,Nuclear,,,0.16617008782144926
2027,9,2027-09-30,Oil,,,0.42367702704463805
2027,9,2027-09-30,Other,,,0.4128811829322207
2027,9,2027-09-30,Other Renewables,,,0.183525974946287
2027,9,2027-09-30,Solar,,,0.11791061491681455
2027,9,2027-09-30,Storage,,,0.0
2027,9,2027-09-30,Wind,,,0.07042415531632706
2027,10,2027-10-31,Coal,,,0.017789627343310386
2027,10,2027-10-31,Gas,,,0.12669044444150526
2027,10,2027-10-31,Hydro,,,0.16560771312181014
2027,10,2027-10-31,Multiple Fuels,,,0.0022055216929074747
2027,10,2027-10-31,Nuclear,,,0.150969003799284
2027,10,2027-10-31,Oil,,,0.5026586395884345
2027,10,2027-10-31,Other,,,0.3958786382710947
2027,10,2027-10-31,Other Renewables,,,0.1892915732137417
2027,10,2027-10-31,Solar,,,0.12247807833868767
2027,10,2027-10-31,Storage,,,0.0
2027,10,2027-10-31,Wind,,,0.061744796190842936
2027,11,2027-11-30,Coal,,,0.017067157871850626
2027,11,2027-11-30,Gas,,,0.11373735988957467
2027,11,2027-11-30,Hydro,,,0.21568662542398118
2027,11,2027-11-30,Multiple Fuels,,,0.016725920269953832
2027,11,2027-11-30,Nuclear,,,0.16631840209353876
2027,11,2027-11-30,Oil,,,0.32826544464539903
2027,11,2027-11-30,Other,,,0.4206067552333124
2027,11,2027-11-30,Other Renewables,,,0.1853772937232067
2027,11,2027-11-30,Solar,,,0.12862464275938426
2027,11,2027-11-30,Storage,,,0.0
2027,11,2027-11-30,Wind,,,0.06663596697454913
2027,12,2027-12-31,Coal,,,0.017337410502176062
2027,12,2027-12-31,Gas,,,0.07838862026928237
2027,12,2027-12-31,Hydro,,,0.2183565162138626
2027,12,2027-12-31,Multiple Fuels,,,0.0778103330441936
2027,12,2027-12-31,Nuclear,,,0.16546007558736894
2027,12,2027-12-31,Oil,,,0.366472520665611
2027,12,2027-12-31,Other,,,0.4075088673328335
2027,12,2027-12-31,Other Renewables,,,0.17904459281288074
2027,12,2027-12-31,Solar,,,0.11702115679645003
2027,12,2027-12-31,Storage,,,0.0
2027,12,2027-12-31,Wind,,,0.06467354723260949
2028,1,2028-01-31,Coal,,,0.03163161980856157
2028,1,2028-01-31,Gas,,,0.060492853949764516
2028,1,2028-01-31,Hydro,,,0.2155043333600235
2028,1,2028-01-31,Multiple Fuels,,,0.03023331748502357
2028,1,2028-01-31,Nuclear,,,0.1668075248201727
2028,1,2028-01-31,Oil,,,0.46051757711683233
2028,1,2028-01-31,Other,,,0.41182617300035546
2028,1,2028-01-31,Other Renewables,,,0.17040794060799933
2028,1,2028-01-31,Solar,,,0.1259744770982368
2028,1,2028-01-31,Storage,,,0.0
2028,1,2028-01-31,Wind,,,0.07762022597229938
2028,2,2028-02-29,Coal,,,0.026387343429144713
2028,2,2028-02-29,Gas,,,0.07194101599115178
2028,2,2028-02-29,Hydro,,,0.1879150504595297
2028,2,2028-02-29,Multiple Fuels,,,0.01811009324478084
2028,2,2028-02-29,Nuclear,,,0.1601508327801531
2028,2,2028-02-29,Oil,,,0.5295410844963147
2028,2,2028-02-29,Other,,,0.4075094291787791
2028,2,2028-02-29,Other Renewables,,,0.17089242206463864
2028,2,2028-02-29,Solar,,,0.11551542820452179
2028,2,2028-02-29,Storage,,,0.0
2028,2,2028-02-29,Wind,,,0.06650486295309736
2028,3,2028-03-31,Coal,,,0.020882523090689463
2028,3,2028-03-31,Gas,,,0.08503943019004045
2028,3,2028-03-31,Hydro,,,0.26428787768345086
2028,3,2028-03-31,Multiple Fuels,,,0.005653466540222568
2028,3,2028-03-31,Nuclear,,,0.1731044826411852
2028,3,2028-03-31,Oil,,,0.39839715451746327
2028,3,2028-03-31,Other,,,0.43394622218457685
2028,3,2028-03-31,Other Renewables,,,0.18811916319457647
2028,3,2028-03-31,Solar,,,0.12840455713834645
2028,3,2028-03-31,Storage,,,0.0
2028,3,2028-03-31,Wind,,,0.06855184446766649
2028,4,2028-04-30,Coal,,,0.01719877986963138
2028,4,2028-04-30,Gas,,,0.12620685419465796
2028,4,2028-04-30,Hydro,,,0.23508904792573546
2028,4,2028-04-30,Multiple Fuels,,,0.032022558363848874
2028,4,2028-04-30,Nuclear,,,0.1704057751268717
2028,4,2028-04-30,Oil,,,0.38749283810580387
2028,4,2028-04-30,Other,,,0.4083200132843668
2028,4,2028-04-30,Other Renewables,,,0.18527773673056547
2028,4,2028-04-30,Solar,,,0.12070632304942855
2028,4,2028-04-30,Storage,,,0.0
2028,4,2028-04-30,Wind,,,0.06281056528016463
2028,5,2028-05-31,Coal,,,0.019087696852576577
2028,5,2028-05-31,Gas,,,0.10602996329925342
2028,5,2028-05-31,Hydro,,,0.22414665754149152
2028,5,2028-05-31,Multiple Fuels,,,0.020607035775627214
2028,5,2028-05-31,Nuclear,,,0.1650975940972885
2028,5,2028-05-31,Oil,,,0.2476847414147186
2028,5,2028-05-31,Other,,,0.41386288320692083
2028,5,2028-05-31,Other Renewables,,,0.16051461127103575
2028,5,2028-05-31,Solar,,,0.123798203724406
2028,5,2028-05-31,Storage,,,0.0
2028,5,2028-05-31,Wind,,,0.05233700726441431
2028,6,2028-06-30,Coal,,,0.02448846339443933
2028,6,2028-06-30,Gas,,,0.10919820191420981
2028,6,2028-06-30,Hydro,,,0.1298009499998681
2028,6,2028-06-30,Multiple Fuels,,,0.06801191320359057
2028,6,2028-06-30,Nuclear,,,0.16462364044770167
2028,6,2028-06-30,Oil,,,0.39381322964964277
2028,6,2028-06-30,Other,,,0.4059091486280119
2028,6,2028-06-30,Other Renewables,,,0.17360396215367535
2028,6,2028-06-30,Solar,,,0.11448153434445274
2028,6,2028-06-30,Storage,,,0.0
2028,6,2028-06-30,Wind,,,0.06380056870404031
2028,7,2028-07-31,Coal,,,0.031180520122914692
2028,7,2028-07-31,Gas,,,0.13202953887899044
2028,7,2028-07-31,Hydro,,,0.1498978554260021
2028,7,2028-07-31,Multiple Fuels,,,0.024668363520564524
2028,7,2028-07-31,Nuclear,,,0.16495909653946736
2028,7,2028-07-31,Oil,,,0.6404365649841547
2028,7,2028-07-31,Other,,,0.40459796230475614
2028,7,2028-07-31,Other Renewables,,,0.17405490981080177
2028,7,2028-07-31,Solar,,,0.10940829822029989
2028,7,2028-07-31,Storage,,,0.0
2028,7,2028-07-31,Wind,,,0.07670135406747643
2028,8,2028-08-31,Coal,,,0.030149380956082373
2028,8,2028-08-31,Gas,,,0.1264373482486527
2028,8,2028-08-31,Hydro,,,0.14606603257779804
2028,8,2028-08-31,Multiple Fuels,,,0.04450447998357373
2028,8,2028-08-31,Nuclear,,,0.16656257734226124
2028,8,2028-08-31,Oil,,,0.6003942011825685
2028,8,2028-08-31,Other,,,0.3892397769348694
2028,8,2028-08-31,Other Renewables,,,0.16362112510115476
2028,8,2028-08-31,Solar,,,0.1113840228809513
2028,8,2028-08-31,Storage,,,0.0
2028,8,2028-08-31,Wind,,,0.064279562827093
2028,9,2028-09-30,Coal,,,0.03302206791157535
2028,9,2028-09-30,Gas,,,0.10525996149862138
2028,9,2028-09-30,Hydro,,,0.2008622135678261
2028,9,2028-09-30,Multiple Fuels,,,0.025272114946066952
2028,9,2028-09-30,Nuclear,,,0.16617008782144926
2028,9,2028-09-30,Oil,,,0.42367702704463805
2028,9,2028-09-30,Other,,,0.4128811829322207
2028,9,2028-09-30,Other Renewables,,,0.183525974946287
2028,9,2028-09-30,Solar,,,0.10683273810664062
2028,9,2028-09-30,Storage,,,0.0
2028,9,2028-09-30,Wind,,,0.07042415531632706
2028,10,2028-10-31,Coal,,,0.017789627343310386
2028,10,2028-10-31,Gas,,,0.12669044444150526
2028,10,2028-10-31,Hydro,,,0.16087095148036762
2028,10,2028-10-31,Multiple Fuels,,,0.0023095172764224688
2028,10,2028-10-31,Nuclear,,,0.150969003799284
2028,10,2028-10-31,Oil,,,0.5026586395884345
2028,10,2028-10-31,Other,,,0.3958786382710947
2028,10,2028-10-31,Other Renewables,,,0.1892915732137417
2028,10,2028-10-31,Solar,,,0.11097108157898093
2028,10,2028-10-31,Storage,,,0.0
2028,10,2028-10-31,Wind,,,0.061744796190842936
2028,11,2028-11-30,Coal,,,0.017067157871850626
2028,11,2028-11-30,Gas,,,0.11373735988957467
2028,11,2028-11-30,Hydro,,,0.20845732249857474
2028,11,2028-11-30,Multiple Fuels,,,0.017514587116393275
2028,11,2028-11-30,Nuclear,,,0.16631840209353876
2028,11,2028-11-30,Oil,,,0.32826544464539903
2028,11,2028-11-30,Other,,,0.4206067552333124
2028,11,2028-11-30,Other Renewables,,,0.1853772937232067
2028,11,2028-11-30,Solar,,,0.11654016717382024
2028,11,2028-11-30,Storage,,,0.0
2028,11,2028-11-30,Wind,,,0.06663596697454913
2028,12,2028-12-31,Coal,,,0.019465262473705003
2028,12,2028-12-31,Gas,,,0.07838862026928237
2028,12,2028-12-31,Hydro,,,0.21167345655295744
2028,12,2028-12-31,Multiple Fuels,,,0.0778103330441936
2028,12,2028-12-31,Nuclear,,,0.16546007558736894
2028,12,2028-12-31,Oil,,,0.366472520665611
2028,12,2028-12-31,Other,,,0.4075088673328335
2028,12,2028-12-31,Other Renewables,,,0.17904459281288074
2028,12,2028-12-31,Solar,,,0.11405253497919149
2028,12,2028-12-31,Storage,,,0.0
2028,12,2028-12-31,Wind,,,0.06413844618690337
2029,1,2029-01-31,Coal,,,0.0
2029,1,2029-01-31,Gas,,,0.060492853949764516
2029,1,2029-01-31,Hydro,,,0.20890856813166622
2029,1,2029-01-31,Multiple Fuels,,,0.03023331748502357
2029,1,2029-01-31,Nuclear,,,0.1668075248201727
2029,1,2029-01-31,Oil,,,0.213410777640727
2029,1,2029-01-31,Other,,,0.41182617300035546
2029,1,2029-01-31,Other Renewables,,,0.17040794060799933
2029,1,2029-01-31,Solar,,,0.1227787252242226
2029,1,2029-01-31,Storage,,,0.0
2029,1,2029-01-31,Wind,,,0.07697800568497948
2029,2,2029-02-28,Coal,,,0.0
2029,2,2029-02-28,Gas,,,0.07194101599115178
2029,2,2029-02-28,Hydro,,,0.18216368789349094
2029,2,2029-02-28,Multiple Fuels,,,0.01811009324478084
2029,2,2029-02-28,Nuclear,,,0.1601508327801531
2029,2,2029-02-28,Oil,,,0.24539731000626303
2029,2,2029-02-28,Other,,,0.4075094291787791
2029,2,2029-02-28,Other Renewables,,,0.17089242206463864
2029,2,2029-02-28,Solar,,,0.11258500408476715
2029,2,2029-02-28,Storage,,,0.0
2029,2,2029-02-28,Wind,,,0.06595460982436838
2029,3,2029-03-31,Coal,,,0.0
2029,3,2029-03-31,Gas,,,0.08503943019004045
2029,3,2029-03-31,Hydro,,,0.2561990343329616
2029,3,2029-03-31,Multiple Fuels,,,0.005653466540222568
2029,3,2029-03-31,Nuclear,,,0.1731044826411852
2029,3,2029-03-31,Oil,,,0.1846232386779338
2029,3,2029-03-31,Other,,,0.43394622218457685
2029,3,2029-03-31,Other Renewables,,,0.18811916319457647
2029,3,2029-03-31,Solar,,,0.12514715838933765
2029,3,2029-03-31,Storage,,,0.0
2029,3,2029-03-31,Wind,,,0.06798465486342539
2029,4,2029-04-30,Coal,,,0.0
2029,4,2029-04-30,Gas,,,0.12620685419465796
2029,4,2029-04-30,Hydro,,,0.22789386932445066
2029,4,2029-04-30,Multiple Fuels,,,0.032022558363848874
2029,4,2029-04-30,Nuclear,,,0.1704057751268717
2029,4,2029-04-30,Oil,,,0.1795700143045623
2029,4,2029-04-30,Other,,,0.4083200132843668
2029,4,2029-04-30,Other Renewables,,,0.18527773673056547
2029,4,2029-04-30,Solar,,,0.1176442150178964
2029,4,2029-04-30,Storage,,,0.0
2029,4,2029-04-30,Wind,,,0.062290878320024265
2029,5,2029-05-31,Coal,,,0.0
2029,5,2029-05-31,Gas,,,0.10602996329925342
2029,5,2029-05-31,Hydro,,,0.21728638375110412
2029,5,2029-05-31,Multiple Fuels,,,0.020607035775627214
2029,5,2029-05-31,Nuclear,,,0.1650975940972885
2029,5,2029-05-31,Oil,,,0.11478083769568555
2029,5,2029-05-31,Other,,,0.41386288320692083
2029,5,2029-05-31,Other Renewables,,,0.16051461127103575
2029,5,2029-05-31,Solar,,,0.12065766009473612
2029,5,2029-05-31,Storage,,,0.0
2029,5,2029-05-31,Wind,,,0.05190397724650621
2029,6,2029-06-30,Coal,,,0.0
2029,6,2029-06-30,Gas,,,0.10919820191420981
2029,6,2029-06-30,Hydro,,,0.12607171396492017
2029,6,2029-06-30,Multiple Fuels,,,0.06801191320359057
2029,6,2029-06-30,Nuclear,,,0.16462364044770167
2029,6,2029-06-30,Oil,,,0.18249897889003855
2029,6,2029-06-30,Other,,,0.4059091486280119
2029,6,2029-06-30,Other Renewables,,,0.17360396215367535
2029,6,2029-06-30,Solar,,,0.11391943188449634
2029,6,2029-06-30,Storage,,,0.0
2029,6,2029-06-30,Wind,,,0.06327269057625821
2029,7,2029-07-31,Coal,,,0.0
2029,7,2029-07-31,Gas,,,0.13202953887899044
2029,7,2029-07-31,Hydro,,,0.14587239952795175
2029,7,2029-07-31,Multiple Fuels,,,0.024668363520564524
2029,7,2029-07-31,Nuclear,,,0.16495909653946736
2029,7,2029-07-31,Oil,,,0.29678794503027195
2029,7,2029-07-31,Other,,,0.40459796230475614
2029,7,2029-07-31,Other Renewables,,,0.17405490981080177
2029,7,2029-07-31,Solar,,,0.1088711052666814
2029,7,2029-07-31,Storage,,,0.0
2029,7,2029-07-31,Wind,,,0.07606673641428101
2029,8,2029-08-31,Coal,,,0.0
2029,8,2029-08-31,Gas,,,0.1264373482486527
2029,8,2029-08-31,Hydro,,,0.14239463200279726
2029,8,2029-08-31,Multiple Fuels,,,0.04450447998357373
2029,8,2029-08-31,Nuclear,,,0.16656257734226124
2029,8,2029-08-31,Oil,,,0.2782317108665943
2029,8,2029-08-31,Other,,,0.3892397769348694
2029,8,2029-08-31,Other Renewables,,,0.16362112510115476
2029,8,2029-08-31,Solar,,,0.11083712915158492
2029,8,2029-08-31,Storage,,,0.0
2029,8,2029-08-31,Wind,,,0.06374772156032904
2029,9,2029-09-30,Coal,,,0.0
2029,9,2029-09-30,Gas,,,0.10525996149862138
2029,9,2029-09-30,Hydro,,,0.19615887164884954
2029,9,2029-09-30,Multiple Fuels,,,0.025272114946066952
2029,9,2029-09-30,Nuclear,,,0.16617008782144926
2029,9,2029-09-30,Oil,,,0.1963383121577765
2029,9,2029-09-30,Other,,,0.4128811829322207
2029,9,2029-09-30,Other Renewables,,,0.183525974946287
2029,9,2029-09-30,Solar,,,0.106308191111027
2029,9,2029-09-30,Storage,,,0.0
2029,9,2029-09-30,Wind,,,0.06984147444037016
2029,10,2029-10-31,Coal,,,0.0
2029,10,2029-10-31,Gas,,,0.12669044444150526
2029,10,2029-10-31,Hydro,,,0.15825070682718753
2029,10,2029-10-31,Multiple Fuels,,,0.0023095172764224688
2029,10,2029-10-31,Nuclear,,,0.150969003799284
2029,10,2029-10-31,Oil,,,0.23293958036086612
2029,10,2029-10-31,Other,,,0.3958786382710947
2029,10,2029-10-31,Other Renewables,,,0.1892915732137417
2029,10,2029-10-31,Solar,,,0.11042621538464878
2029,10,2029-10-31,Storage,,,0.0
2029,10,2029-10-31,Wind,,,0.06123392727422393
2029,11,2029-11-30,Coal,,,0.0
2029,11,2029-11-30,Gas,,,0.11373735988957467
2029,11,2029-11-30,Hydro,,,0.20746023085689896
2029,11,2029-11-30,Multiple Fuels,,,0.017514587116393275
2029,11,2029-11-30,Nuclear,,,0.16631840209353876
2029,11,2029-11-30,Oil,,,0.1521231485950008
2029,11,2029-11-30,Other,,,0.4206067552333124
2029,11,2029-11-30,Other Renewables,,,0.1853772937232067
2029,11,2029-11-30,Solar,,,0.11596795686036449
2029,11,2029-11-30,Storage,,,0.0
2029,11,2029-11-30,Wind,,,0.06608462910712903
2029,12,2029-12-31,Coal,,,0.0
2029,12,2029-12-31,Gas,,,0.07838862026928237
2029,12,2029-12-31,Hydro,,,0.21167345655295744
2029,12,2029-12-31,Multiple Fuels,,,0.0778103330441936
2029,12,2029-12-31,Nuclear,,,0.16546007558736894
2029,12,2029-12-31,Oil,,,0.1698288827732713
2029,12,2029-12-31,Other,,,0.4075088673328335
2029,12,2029-12-31,Other Renewables,,,0.17904459281288074
2029,12,2029-12-31,Solar,,,0.11405253497919149
2029,12,2029-12-31,Storage,,,0.0
2029,12,2029-12-31,Wind,,,0.06413844618690337
2030,1,2030-01-31,Coal,,,0.0
2030,1,2030-01-31,Gas,,,0.060492853949764516
2030,1,2030-01-31,Hydro,,,0.20890856813166622
2030,1,2030-01-31,Multiple Fuels,,,0.03023331748502357
2030,1,2030-01-31,Nuclear,,,0.1668075248201727
2030,1,2030-01-31,Oil,,,0.213410777640727
2030,1,2030-01-31,Other,,,0.41182617300035546
2030,1,2030-01-31,Other Renewables,,,0.17040794060799933
2030,1,2030-01-31,Solar,,,0.1227787252242226
2030,1,2030-01-31,Storage,,,0.0
2030,1,2030-01-31,Wind,,,0.07697800568497948
2030,2,2030-02-28,Coal,,,0.0
2030,2,2030-02-28,Gas,,,0.07194101599115178
2030,2,2030-02-28,Hydro,,,0.18216368789349094
2030,2,2030-02-28,Multiple Fuels,,,0.01811009324478084
2030,2,2030-02-28,Nuclear,,,0.1601508327801531
2030,2,2030-02-28,Oil,,,0.24539731000626303
2030,2,2030-02-28,Other,,,0.4075094291787791
2030,2,2030-02-28,Other Renewables,,,0.17089242206463864
2030,2,2030-02-28,Solar,,,0.11258500408476715
2030,2,2030-02-28,Storage,,,0.0
2030,2,2030-02-28,Wind,,,0.06595460982436838
2030,3,2030-03-31,Coal,,,0.0
2030,3,2030-03-31,Gas,,,0.08503943019004045
2030,3,2030-03-31,Hydro,,,0.2561990343329616
2030,3,2030-03-31,Multiple Fuels,,,0.005653466540222568
2030,3,2030-03-31,Nuclear,,,0.1731044826411852
2030,3,2030-03-31,Oil,,,0.1846232386779338
2030,3,2030-03-31,Other,,,0.43394622218457685
2030,3,2030-03-31,Other Renewables,,,0.18811916319457647
2030,3,2030-03-31,Solar,,,0.12514715838933765
2030,3,2030-03-31,Storage,,,0.0
2030,3,2030-03-31,Wind,,,0.06798465486342539
2030,4,2030-04-30,Coal,,,0.0
2030,4,2030-04-30,Gas,,,0.12620685419465796
2030,4,2030-04-30,Hydro,,,0.22789386932445066
2030,4,2030-04-30,Multiple Fuels,,,0.032022558363848874
2030,4,2030-04-30,Nuclear,,,0.1704057751268717
2030,4,2030-04-30,Oil,,,0.1795700143045623
2030,4,2030-04-30,Other,,,0.4083200132843668
2030,4,2030-04-30,Other Renewables,,,0.18527773673056547
2030,4,2030-04-30,Solar,,,0.1176442150178964
2030,4,2030-04-30,Storage,,,0.0
2030,4,2030-04-30,Wind,,,0.062290878320024265
2030,5,2030-05-31,Coal,,,0.0
2030,5,2030-05-31,Gas,,,0.10602996329925342
2030,5,2030-05-31,Hydro,,,0.21728638375110412
2030,5,2030-05-31,Multiple Fuels,,,0.020607035775627214
2030,5,2030-05-31,Nuclear,,,0.1650975940972885
2030,5,2030-05-31,Oil,,,0.11478083769568555
2030,5,2030-05-31,Other,,,0.41386288320692083
2030,5,2030-05-31,Other Renewables,,,0.16051461127103575
2030,5,2030-05-31,Solar,,,0.12065766009473612
2030,5,2030-05-31,Storage,,,0.0
2030,5,2030-05-31,Wind,,,0.05190397724650621
2030,6,2030-06-30,Coal,,,0.0
2030,6,2030-06-30,Gas,,,0.10919820191420981
2030,6,2030-06-30,Hydro,,,0.12607171396492017
2030,6,2030-06-30,Multiple Fuels,,,0.06801191320359057
2030,6,2030-06-30,Nuclear,,,0.16462364044770167
2030,6,2030-06-30,Oil,,,0.18249897889003855
2030,6,2030-06-30,Other,,,0.4059091486280119
2030,6,2030-06-30,Other Renewables,,,0.17360396215367535
2030,6,2030-06-30,Solar,,,0.11391943188449634
2030,6,2030-06-30,Storage,,,0.0
2030,6,2030-06-30,Wind,,,0.06327269057625821
2030,7,2030-07-31,Coal,,,0.0
2030,7,2030-07-31,Gas,,,0.13202953887899044
2030,7,2030-07-31,Hydro,,,0.14587239952795175
2030,7,2030-07-31,Multiple Fuels,,,0.024668363520564524
2030,7,2030-07-31,Nuclear,,,0.16495909653946736
2030,7,2030-07-31,Oil,,,0.29678794503027195
2030,7,2030-07-31,Other,,,0.40459796230475614
2030,7,2030-07-31,Other Renewables,,,0.17405490981080177
2030,7,2030-07-31,Solar,,,0.1088711052666814
2030,7,2030-07-31,Storage,,,0.0
2030,7,2030-07-31,Wind,,,0.07606673641428101
2030,8,2030-08-31,Coal,,,0.0
2030,8,2030-08-31,Gas,,,0.1264373482486527
2030,8,2030-08-31,Hydro,,,0.14239463200279726
2030,8,2030-08-31,Multiple Fuels,,,0.04450447998357373
2030,8,2030-08-31,Nuclear,,,0.16656257734226124
2030,8,2030-08-31,Oil,,,0.2782317108665943
2030,8,2030-08-31,Other,,,0.3892397769348694
2030,8,2030-08-31,Other Renewables,,,0.16362112510115476
2030,8,2030-08-31,Solar,,,0.11083712915158492
2030,8,2030-08-31,Storage,,,0.0
2030,8,2030-08-31,Wind,,,0.06374772156032904
2030,9,2030-09-30,Coal,,,0.0
2030,9,2030-09-30,Gas,,,0.10525996149862138
2030,9,2030-09-30,Hydro,,,0.19615887164884954
2030,9,2030-09-30,Multiple Fuels,,,0.025272114946066952
2030,9,2030-09-30,Nuclear,,,0.16617008782144926
2030,9,2030-09-30,Oil,,,0.1963383121577765
2030,9,2030-09-30,Other,,,0.4128811829322207
2030,9,2030-09-30,Other Renewables,,,0.183525974946287
2030,9,2030-09-30,Solar,,,0.106308191111027
2030,9,2030-09-30,Storage,,,0.0
2030,9,2030-09-30,Wind,,,0.06984147444037016
2030,10,2030-10-31,Coal,,,0.0
2030,10,2030-10-31,Gas,,,0.12669044444150526
2030,10,2030-10-31,Hydro,,,0.15825070682718753
2030,10,2030-10-31,Multiple Fuels,,,0.0023095172764224688
2030,10,2030-10-31,Nuclear,,,0.150969003799284
2030,10,2030-10-31,Oil,,,0.23293958036086612
2030,10,2030-10-31,Other,,,0.3958786382710947
2030,10,2030-10-31,Other Renewables,,,0.1892915732137417
2030,10,2030-10-31,Solar,,,0.11042621538464878
2030,10,2030-10-31,Storage,,,0.0
2030,10,2030-10-31,Wind,,,0.06123392727422393
2030,11,2030-11-30,Coal,,,0.0
2030,11,2030-11-30,Gas,,,0.11373735988957467
2030,11,2030-11-30,Hydro,,,0.20746023085689896
2030,11,2030-11-30,Multiple Fuels,,,0.017514587116393275
2030,11,2030-11-30,Nuclear,,,0.16631840209353876
2030,11,2030-11-30,Oil,,,0.1521231485950008
2030,11,2030-11-30,Other,,,0.4206067552333124
2030,11,2030-11-30,Other Renewables,,,0.1853772937232067
2030,11,2030-11-30,Solar,,,0.11596795686036449
2030,11,2030-11-30,Storage,,,0.0
2030,11,2030-11-30,Wind,,,0.06608462910712903
2030,12,2030-12-31,Coal,,,0.0
2030,12,2030-12-31,Gas,,,0.07838862026928237
2030,12,2030-12-31,Hydro,,,0.21167345655295744
2030,12,2030-12-31,Multiple Fuels,,,0.0778103330441936
2030,12,2030-12-31,Nuclear,,,0.16546007558736894
2030,12,2030-12-31,Oil,,,0.1698288827732713
2030,12,2030-12-31,Other,,,0.4075088673328335
2030,12,2030-12-31,Other Renewables,,,0.17904459281288074
2030,12,2030-12-31,Solar,,,0.11405253497919149
2030,12,2030-12-31,Storage,,,0.0
2030,12,2030-12-31,Wind,,,0.06413844618690337
