Week,None,D0,D1,D2,D3,D4,DSCI
2024-11-26,3.20,35.64,33.12,23.94,4.11,0.00,190
2024-11-19,3.15,35.46,31.00,24.54,5.86,0.00,195
2024-11-12,4.25,37.57,31.53,21.35,4.94,0.37,186
2024-11-05,6.35,37.09,36.69,13.23,5.96,0.67,177
2024-10-29,21.01,40.71,23.05,10.42,4.14,0.67,138
2024-10-22,36.05,34.69,17.58,6.87,4.14,0.67,110
2024-10-15,39.19,37.50,13.59,4.90,4.14,0.67,99
2024-10-08,41.17,37.40,12.32,4.30,4.14,0.67,95
2024-10-01,45.94,34.77,9.37,4.97,4.27,0.67,89
2024-09-24,40.98,39.15,6.94,3.57,7.37,1.98,103
2024-09-17,67.38,15.93,3.77,4.91,6.20,1.81,72
2024-09-10,75.72,8.29,3.31,5.39,6.41,0.89,61
2024-09-03,76.80,7.40,3.47,6.41,5.23,0.69,58
2024-08-27,77.85,6.85,3.09,7.28,4.25,0.69,55
2024-08-20,79.25,5.45,4.90,7.64,2.77,0.00,49
2024-08-13,77.80,6.90,6.06,8.45,0.78,0.00,47
2024-08-06,62.42,17.26,11.14,6.48,2.70,0.00,70
2024-07-30,60.02,19.18,12.02,6.07,2.70,0.00,72
2024-07-23,61.71,19.55,10.44,6.26,2.03,0.00,67
2024-07-16,61.64,18.98,10.31,7.33,1.73,0.00,69
2024-07-09,60.76,25.53,10.81,2.90,0.00,0.00,56
2024-07-02,62.28,25.49,10.85,1.38,0.00,0.00,51
2024-06-25,56.71,30.97,12.31,0.00,0.00,0.00,56
2024-06-18,69.45,29.68,0.87,0.00,0.00,0.00,31
2024-06-11,90.59,9.41,0.00,0.00,0.00,0.00,9
2024-06-04,90.41,9.31,0.28,0.00,0.00,0.00,10
2024-05-28,95.80,4.20,0.00,0.00,0.00,0.00,4
2024-05-21,96.27,3.73,0.00,0.00,0.00,0.00,4
2024-05-14,94.87,5.13,0.00,0.00,0.00,0.00,5
2024-05-07,97.48,2.52,0.00,0.00,0.00,0.00,3
2024-04-30,98.14,1.86,0.00,0.00,0.00,0.00,2
2024-04-23,98.11,1.89,0.00,0.00,0.00,0.00,2
2024-04-16,98.11,1.89,0.00,0.00,0.00,0.00,2
2024-04-09,97.42,2.09,0.49,0.00,0.00,0.00,3
2024-04-02,96.97,2.55,0.49,0.00,0.00,0.00,4
2024-03-26,97.54,1.98,0.49,0.00,0.00,0.00,3
2024-03-19,97.54,1.98,0.49,0.00,0.00,0.00,3
2024-03-12,97.41,2.10,0.49,0.00,0.00,0.00,3
2024-03-05,96.96,2.63,0.42,0.00,0.00,0.00,3
2024-02-27,97.07,2.72,0.21,0.00,0.00,0.00,3
2024-02-20,97.07,2.72,0.21,0.00,0.00,0.00,3
2024-02-13,97.00,2.75,0.23,0.02,0.00,0.00,3
2024-02-06,96.89,2.85,0.23,0.02,0.00,0.00,3
2024-01-30,96.89,2.85,0.19,0.07,0.00,0.00,3
2024-01-23,94.62,3.95,1.37,0.07,0.00,0.00,7
2024-01-16,94.58,3.99,1.37,0.07,0.00,0.00,7
2024-01-09,88.37,9.77,1.28,0.59,0.00,0.00,14
2024-01-02,87.20,10.30,1.83,0.67,0.00,0.00,16
2023-12-26,85.18,11.44,2.71,0.68,0.00,0.00,19
2023-12-19,83.93,12.68,2.71,0.68,0.00,0.00,20
2023-12-12,77.44,17.58,4.65,0.34,0.00,0.00,28
2023-12-05,74.67,18.88,5.74,0.71,0.00,0.00,32
2023-11-28,74.36,19.18,5.76,0.71,0.00,0.00,33
2023-11-21,72.02,20.39,6.87,0.71,0.00,0.00,36
2023-11-14,76.75,18.30,4.63,0.32,0.00,0.00,29
2023-11-07,79.11,17.45,3.17,0.27,0.00,0.00,25
2023-10-31,82.70,15.28,1.75,0.27,0.00,0.00,20
2023-10-24,83.24,14.73,1.76,0.27,0.00,0.00,19
2023-10-17,83.01,14.48,2.24,0.27,0.00,0.00,20
2023-10-10,83.24,14.30,2.20,0.27,0.00,0.00,20
2023-10-03,82.98,14.62,1.97,0.43,0.00,0.00,20
2023-09-26,88.48,10.08,1.36,0.08,0.00,0.00,13
2023-09-19,86.71,10.72,2.48,0.09,0.00,0.00,16
2023-09-12,92.77,4.84,2.30,0.09,0.00,0.00,10
2023-09-05,92.05,5.41,2.45,0.09,0.00,0.00,11
2023-08-29,91.45,6.27,2.26,0.02,0.00,0.00,11
2023-08-22,89.84,8.55,1.61,0.00,0.00,0.00,12
2023-08-15,90.48,7.42,2.10,0.00,0.00,0.00,12
2023-08-08,87.59,9.30,3.12,0.00,0.00,0.00,16
2023-08-01,85.77,10.68,2.96,0.59,0.00,0.00,18
2023-07-25,78.89,15.43,5.27,0.40,0.00,0.00,27
2023-07-18,71.91,18.96,8.56,0.57,0.00,0.00,38
2023-07-11,55.70,29.62,14.08,0.61,0.00,0.00,60
2023-07-04,39.60,40.75,18.53,1.11,0.00,0.00,81
2023-06-27,34.94,39.89,23.80,1.37,0.00,0.00,92
2023-06-20,28.52,37.35,32.61,1.52,0.00,0.00,107
2023-06-13,27.85,40.15,32.00,0.00,0.00,0.00,104
2023-06-06,32.32,47.42,20.27,0.00,0.00,0.00,88
2023-05-30,50.39,47.26,2.35,0.00,0.00,0.00,52
2023-05-23,86.86,12.74,0.40,0.00,0.00,0.00,14
2023-05-16,82.49,17.01,0.50,0.00,0.00,0.00,18
2023-05-09,87.37,12.12,0.51,0.00,0.00,0.00,13
2023-05-02,84.22,15.15,0.64,0.00,0.00,0.00,16
2023-04-25,72.19,21.66,6.15,0.00,0.00,0.00,34
2023-04-18,74.97,18.54,6.49,0.00,0.00,0.00,32
2023-04-11,82.24,15.41,2.35,0.00,0.00,0.00,20
2023-04-04,89.24,9.09,1.68,0.00,0.00,0.00,12
2023-03-28,92.34,6.36,1.30,0.00,0.00,0.00,9
2023-03-21,95.91,4.09,0.00,0.00,0.00,0.00,4
2023-03-14,98.29,1.71,0.00,0.00,0.00,0.00,2
2023-03-07,98.29,1.71,0.00,0.00,0.00,0.00,2
2023-02-28,94.27,5.73,0.00,0.00,0.00,0.00,6
2023-02-21,96.42,3.58,0.00,0.00,0.00,0.00,4
2023-02-14,96.04,3.96,0.00,0.00,0.00,0.00,4
2023-02-07,96.50,3.50,0.00,0.00,0.00,0.00,4
2023-01-31,96.83,2.97,0.21,0.00,0.00,0.00,3
2023-01-24,95.28,4.52,0.21,0.00,0.00,0.00,5
2023-01-17,94.05,5.74,0.21,0.00,0.00,0.00,6
2023-01-10,92.61,7.19,0.21,0.00,0.00,0.00,8
2023-01-03,90.64,9.16,0.21,0.00,0.00,0.00,10
2022-12-27,90.59,9.21,0.21,0.00,0.00,0.00,10
2022-12-20,90.49,8.07,1.44,0.00,0.00,0.00,11
2022-12-13,88.20,9.94,1.72,0.13,0.00,0.00,14
2022-12-06,89.03,8.94,1.89,0.13,0.00,0.00,13
2022-11-29,89.43,8.52,1.93,0.13,0.00,0.00,13
2022-11-22,89.68,8.34,1.85,0.13,0.00,0.00,12
2022-11-15,88.94,9.02,1.85,0.19,0.00,0.00,13
2022-11-08,69.98,27.24,2.41,0.37,0.00,0.00,33
2022-11-01,79.09,18.75,1.78,0.37,0.00,0.00,23
2022-10-25,81.30,16.44,1.89,0.37,0.00,0.00,21
2022-10-18,84.49,10.89,4.17,0.44,0.00,0.00,21
2022-10-11,78.68,12.09,7.56,1.54,0.14,0.00,32
2022-10-04,73.82,15.57,7.41,3.06,0.14,0.00,40
2022-09-27,69.23,17.83,9.11,3.70,0.14,0.00,48
2022-09-20,52.08,29.27,11.29,7.10,0.27,0.00,74
2022-09-13,49.45,30.47,11.83,7.76,0.49,0.00,79
2022-09-06,42.74,37.40,10.64,8.74,0.49,0.00,87
2022-08-30,40.91,35.33,12.75,9.02,1.98,0.00,96
2022-08-23,49.73,27.69,12.38,7.71,2.48,0.00,86
2022-08-16,49.35,28.82,12.13,7.22,2.48,0.00,85
2022-08-09,50.09,31.11,13.04,4.61,1.15,0.00,76
2022-08-02,51.08,25.55,18.01,5.36,0.00,0.00,78
2022-07-26,50.54,28.39,18.28,2.80,0.00,0.00,73
2022-07-19,52.72,24.86,21.21,1.21,0.00,0.00,71
2022-07-12,53.08,26.50,19.42,1.00,0.00,0.00,68
2022-07-05,63.52,23.68,12.80,0.00,0.00,0.00,49
2022-06-28,70.69,21.85,7.46,0.00,0.00,0.00,37
2022-06-21,82.62,15.00,2.38,0.00,0.00,0.00,20
2022-06-14,86.69,10.93,2.38,0.00,0.00,0.00,16
2022-06-07,85.65,12.12,2.23,0.00,0.00,0.00,17
2022-05-31,88.12,9.18,2.70,0.00,0.00,0.00,15
2022-05-24,84.88,12.88,2.24,0.00,0.00,0.00,17
2022-05-17,85.14,13.74,1.12,0.00,0.00,0.00,16
2022-05-10,91.93,6.81,1.26,0.00,0.00,0.00,9
2022-05-03,81.74,16.90,1.36,0.00,0.00,0.00,20
2022-04-26,81.37,17.40,1.24,0.00,0.00,0.00,20
2022-04-19,81.37,17.40,1.24,0.00,0.00,0.00,20
2022-04-12,78.58,19.30,1.45,0.67,0.00,0.00,24
2022-04-05,67.03,29.46,2.84,0.67,0.00,0.00,37
2022-03-29,71.90,24.96,2.46,0.67,0.00,0.00,32
2022-03-22,70.79,26.08,2.46,0.67,0.00,0.00,33
2022-03-15,73.37,23.85,2.10,0.67,0.00,0.00,30
2022-03-08,74.28,22.10,2.78,0.85,0.00,0.00,30
2022-03-01,82.27,15.69,1.19,0.85,0.00,0.00,21
2022-02-22,82.28,15.69,1.19,0.85,0.00,0.00,21
2022-02-15,82.28,15.69,1.19,0.85,0.00,0.00,21
2022-02-08,81.36,16.60,1.19,0.85,0.00,0.00,22
2022-02-01,81.59,16.37,1.19,0.85,0.00,0.00,21
2022-01-25,89.35,8.61,1.19,0.85,0.00,0.00,14
2022-01-18,87.46,10.50,1.19,0.85,0.00,0.00,15
2022-01-11,86.89,11.07,1.19,0.85,0.00,0.00,16
2022-01-04,84.91,12.92,1.32,0.85,0.00,0.00,18
2021-12-28,77.53,19.05,2.57,0.85,0.00,0.00,27
2021-12-21,77.53,20.18,1.44,0.85,0.00,0.00,26
2021-12-14,82.68,15.28,1.19,0.85,0.00,0.00,20
2021-12-07,88.83,9.13,1.19,0.85,0.00,0.00,14
2021-11-30,90.30,7.66,1.19,0.85,0.00,0.00,13
2021-11-23,91.59,6.37,1.19,0.85,0.00,0.00,11
2021-11-16,91.89,6.07,1.19,0.85,0.00,0.00,11
2021-11-09,92.03,5.93,1.19,0.85,0.00,0.00,11
2021-11-02,92.54,5.42,0.97,1.07,0.00,0.00,11
2021-10-26,86.61,10.46,1.87,1.07,0.00,0.00,17
2021-10-19,86.61,10.46,1.87,1.07,0.00,0.00,17
2021-10-12,85.54,11.45,1.94,1.07,0.00,0.00,19
2021-10-05,89.75,7.24,2.21,0.80,0.00,0.00,14
2021-09-28,90.30,6.56,2.35,0.80,0.00,0.00,14
2021-09-21,86.21,7.97,5.03,0.80,0.00,0.00,20
2021-09-14,85.14,8.77,5.29,0.80,0.00,0.00,22
2021-09-07,83.08,6.43,9.00,1.50,0.00,0.00,29
2021-08-31,77.08,10.79,10.60,1.54,0.00,0.00,37
2021-08-24,77.36,12.05,9.05,1.54,0.00,0.00,35
2021-08-17,69.78,19.09,9.63,1.50,0.00,0.00,43
2021-08-10,69.18,19.69,9.63,1.50,0.00,0.00,43
2021-08-03,72.40,18.02,8.09,1.50,0.00,0.00,39
2021-07-27,77.06,14.26,7.31,1.38,0.00,0.00,33
2021-07-20,77.09,11.77,9.57,1.58,0.00,0.00,36
2021-07-13,69.89,17.26,11.38,1.47,0.00,0.00,44
2021-07-06,60.40,18.58,17.51,3.51,0.00,0.00,64
2021-06-29,58.59,21.37,16.53,3.51,0.00,0.00,65
2021-06-22,58.57,21.98,18.34,1.11,0.00,0.00,62
2021-06-15,59.01,27.15,13.84,0.00,0.00,0.00,55
2021-06-08,56.12,34.56,9.32,0.00,0.00,0.00,53
2021-06-01,59.73,37.44,2.83,0.00,0.00,0.00,43
2021-05-25,52.41,44.75,2.83,0.00,0.00,0.00,50
2021-05-18,73.46,24.50,2.05,0.00,0.00,0.00,29
2021-05-11,74.62,23.33,2.05,0.00,0.00,0.00,27
2021-05-04,42.83,48.11,9.06,0.00,0.00,0.00,66
2021-04-27,45.90,40.56,13.54,0.00,0.00,0.00,68
2021-04-20,51.74,33.16,15.10,0.00,0.00,0.00,63
2021-04-13,52.26,32.64,15.10,0.00,0.00,0.00,63
2021-04-06,59.87,29.86,10.27,0.00,0.00,0.00,50
2021-03-30,62.96,28.35,8.69,0.00,0.00,0.00,46
2021-03-23,70.01,25.25,4.74,0.00,0.00,0.00,35
2021-03-16,74.47,21.63,3.90,0.00,0.00,0.00,29
2021-03-09,76.22,19.88,3.90,0.00,0.00,0.00,28
2021-03-02,81.84,14.26,3.90,0.00,0.00,0.00,22
2021-02-23,81.84,14.26,3.90,0.00,0.00,0.00,22
2021-02-16,81.84,14.26,3.90,0.00,0.00,0.00,22
2021-02-09,81.84,14.26,3.90,0.00,0.00,0.00,22
2021-02-02,81.51,13.89,4.60,0.00,0.00,0.00,23
2021-01-26,79.64,15.75,4.60,0.00,0.00,0.00,25
2021-01-19,79.16,17.00,3.83,0.00,0.00,0.00,25
2021-01-12,78.69,17.48,3.83,0.00,0.00,0.00,25
2021-01-05,79.50,16.87,3.63,0.00,0.00,0.00,24
2020-12-29,77.60,18.77,3.63,0.00,0.00,0.00,26
2020-12-22,60.32,22.80,16.88,0.00,0.00,0.00,57
2020-12-15,60.32,22.80,16.44,0.44,0.00,0.00,57
2020-12-08,54.23,31.02,14.31,0.44,0.00,0.00,61
2020-12-01,45.91,33.02,19.34,1.30,0.43,0.00,77
2020-11-24,43.80,22.80,29.35,3.29,0.75,0.00,94
2020-11-17,40.62,25.35,29.52,3.76,0.75,0.00,99
2020-11-10,38.58,23.95,31.26,5.63,0.59,0.00,106
2020-11-03,38.85,24.04,30.90,5.63,0.59,0.00,105
2020-10-27,28.93,23.91,36.25,8.92,1.99,0.00,131
2020-10-20,29.24,20.72,39.37,8.67,1.99,0.00,133
2020-10-13,32.77,17.90,24.78,18.73,5.82,0.00,147
2020-10-06,32.77,17.90,22.09,21.42,5.82,0.00,150
2020-09-29,29.84,24.85,19.05,22.37,3.89,0.00,146
2020-09-22,42.13,21.20,14.76,19.21,2.70,0.00,119
2020-09-15,46.63,19.00,19.10,13.96,1.31,0.00,104
2020-09-08,47.86,20.17,21.98,9.99,0.00,0.00,94
2020-09-01,46.06,26.00,18.72,9.23,0.00,0.00,91
2020-08-25,39.82,23.01,27.46,9.71,0.00,0.00,107
2020-08-18,42.63,22.68,25.33,9.36,0.00,0.00,101
2020-08-11,42.88,29.59,25.06,2.47,0.00,0.00,87
2020-08-04,35.17,35.49,27.62,1.72,0.00,0.00,96
2020-07-28,28.93,42.43,26.93,1.72,0.00,0.00,101
2020-07-21,30.12,43.88,24.28,1.72,0.00,0.00,98
2020-07-14,32.42,42.98,22.89,1.71,0.00,0.00,94
2020-07-07,22.54,51.38,24.07,2.01,0.00,0.00,106
2020-06-30,54.44,31.33,14.23,0.00,0.00,0.00,60
2020-06-23,57.79,26.06,16.16,0.00,0.00,0.00,58
2020-06-16,64.36,35.64,0.00,0.00,0.00,0.00,36
2020-06-09,69.05,30.95,0.00,0.00,0.00,0.00,31
2020-06-02,91.24,8.76,0.00,0.00,0.00,0.00,9
2020-05-26,94.65,5.35,0.00,0.00,0.00,0.00,5
2020-05-19,96.64,3.36,0.00,0.00,0.00,0.00,3
2020-05-12,100.00,0.00,0.00,0.00,0.00,0.00,0
2020-05-05,100.00,0.00,0.00,0.00,0.00,0.00,0
2020-04-28,100.00,0.00,0.00,0.00,0.00,0.00,0
2020-04-21,100.00,0.00,0.00,0.00,0.00,0.00,0
2020-04-14,100.00,0.00,0.00,0.00,0.00,0.00,0
2020-04-07,100.00,0.00,0.00,0.00,0.00,0.00,0
2020-03-31,100.00,0.00,0.00,0.00,0.00,0.00,0
2020-03-24,96.78,3.22,0.00,0.00,0.00,0.00,3
2020-03-17,93.92,6.08,0.00,0.00,0.00,0.00,6
2020-03-10,100.00,0.00,0.00,0.00,0.00,0.00,0
2020-03-03,100.00,0.00,0.00,0.00,0.00,0.00,0
2020-02-25,100.00,0.00,0.00,0.00,0.00,0.00,0
2020-02-18,100.00,0.00,0.00,0.00,0.00,0.00,0
2020-02-11,100.00,0.00,0.00,0.00,0.00,0.00,0
2020-02-04,98.49,1.51,0.00,0.00,0.00,0.00,2
2020-01-28,98.49,1.51,0.00,0.00,0.00,0.00,2
2020-01-21,97.64,2.36,0.00,0.00,0.00,0.00,2
2020-01-14,99.38,0.62,0.00,0.00,0.00,0.00,1
2020-01-07,99.61,0.39,0.00,0.00,0.00,0.00,0
2019-12-31,99.61,0.39,0.00,0.00,0.00,0.00,0
2019-12-24,99.61,0.39,0.00,0.00,0.00,0.00,0
2019-12-17,99.61,0.39,0.00,0.00,0.00,0.00,0
2019-12-10,98.56,1.44,0.00,0.00,0.00,0.00,1
2019-12-03,98.03,1.97,0.00,0.00,0.00,0.00,2
2019-11-26,97.69,2.31,0.00,0.00,0.00,0.00,2
2019-11-19,97.17,2.83,0.00,0.00,0.00,0.00,3
2019-11-12,97.15,2.85,0.00,0.00,0.00,0.00,3
2019-11-05,94.75,5.25,0.00,0.00,0.00,0.00,5
2019-10-29,70.13,29.87,0.00,0.00,0.00,0.00,30
2019-10-22,61.81,31.05,7.14,0.00,0.00,0.00,45
2019-10-15,49.89,38.55,7.90,3.66,0.00,0.00,65
2019-10-08,56.33,33.57,8.81,1.29,0.00,0.00,55
2019-10-01,48.73,42.78,6.26,2.23,0.00,0.00,62
2019-09-24,49.67,43.36,6.98,0.00,0.00,0.00,57
2019-09-17,78.15,21.34,0.51,0.00,0.00,0.00,22
2019-09-10,91.02,8.74,0.24,0.00,0.00,0.00,9
2019-09-03,93.30,6.70,0.00,0.00,0.00,0.00,7
2019-08-27,86.29,13.71,0.00,0.00,0.00,0.00,14
2019-08-20,92.61,7.39,0.00,0.00,0.00,0.00,7
2019-08-13,93.77,6.23,0.00,0.00,0.00,0.00,6
2019-08-06,97.25,2.75,0.00,0.00,0.00,0.00,3
2019-07-30,100.00,0.00,0.00,0.00,0.00,0.00,0
2019-07-23,100.00,0.00,0.00,0.00,0.00,0.00,0
2019-07-16,98.84,1.16,0.00,0.00,0.00,0.00,1
2019-07-09,100.00,0.00,0.00,0.00,0.00,0.00,0
2019-07-02,100.00,0.00,0.00,0.00,0.00,0.00,0
2019-06-25,100.00,0.00,0.00,0.00,0.00,0.00,0
2019-06-18,100.00,0.00,0.00,0.00,0.00,0.00,0
2019-06-11,100.00,0.00,0.00,0.00,0.00,0.00,0
2019-06-04,100.00,0.00,0.00,0.00,0.00,0.00,0
2019-05-28,100.00,0.00,0.00,0.00,0.00,0.00,0
2019-05-21,100.00,0.00,0.00,0.00,0.00,0.00,0
2019-05-14,100.00,0.00,0.00,0.00,0.00,0.00,0
2019-05-07,100.00,0.00,0.00,0.00,0.00,0.00,0
2019-04-30,100.00,0.00,0.00,0.00,0.00,0.00,0
2019-04-23,100.00,0.00,0.00,0.00,0.00,0.00,0
2019-04-16,99.54,0.46,0.00,0.00,0.00,0.00,0
2019-04-09,97.20,2.80,0.00,0.00,0.00,0.00,3
2019-04-02,100.00,0.00,0.00,0.00,0.00,0.00,0
2019-03-26,100.00,0.00,0.00,0.00,0.00,0.00,0
2019-03-19,100.00,0.00,0.00,0.00,0.00,0.00,0
2019-03-12,100.00,0.00,0.00,0.00,0.00,0.00,0
2019-03-05,100.00,0.00,0.00,0.00,0.00,0.00,0
2019-02-26,100.00,0.00,0.00,0.00,0.00,0.00,0
2019-02-19,100.00,0.00,0.00,0.00,0.00,0.00,0
2019-02-12,100.00,0.00,0.00,0.00,0.00,0.00,0
2019-02-05,100.00,0.00,0.00,0.00,0.00,0.00,0
2019-01-29,100.00,0.00,0.00,0.00,0.00,0.00,0
2019-01-22,100.00,0.00,0.00,0.00,0.00,0.00,0
2019-01-15,98.56,1.44,0.00,0.00,0.00,0.00,1
2019-01-08,98.55,1.45,0.00,0.00,0.00,0.00,1
2019-01-01,97.28,2.72,0.00,0.00,0.00,0.00,3
2018-12-25,95.85,4.15,0.00,0.00,0.00,0.00,4
2018-12-18,95.85,4.15,0.00,0.00,0.00,0.00,4
2018-12-11,95.85,4.15,0.00,0.00,0.00,0.00,4
2018-12-04,95.85,4.15,0.00,0.00,0.00,0.00,4
2018-11-27,95.72,4.28,0.00,0.00,0.00,0.00,4
2018-11-20,95.03,4.97,0.00,0.00,0.00,0.00,5
2018-11-13,95.03,4.97,0.00,0.00,0.00,0.00,5
2018-11-06,91.94,5.85,2.21,0.00,0.00,0.00,10
2018-10-30,88.55,9.05,2.29,0.11,0.00,0.00,14
2018-10-23,83.45,14.15,1.97,0.43,0.00,0.00,19
2018-10-16,82.45,14.76,2.35,0.43,0.00,0.00,21
2018-10-09,78.51,16.96,3.70,0.83,0.00,0.00,27
2018-10-02,78.51,16.85,3.80,0.83,0.00,0.00,27
2018-09-25,78.81,15.86,4.43,0.91,0.00,0.00,27
2018-09-18,81.11,13.55,4.43,0.91,0.00,0.00,25
2018-09-11,81.11,13.55,4.43,0.91,0.00,0.00,25
2018-09-04,79.21,13.02,5.98,1.79,0.00,0.00,30
2018-08-28,80.27,12.53,7.20,0.00,0.00,0.00,27
2018-08-21,80.08,12.72,7.20,0.00,0.00,0.00,27
2018-08-14,76.23,15.42,8.35,0.00,0.00,0.00,32
2018-08-07,75.99,15.66,8.35,0.00,0.00,0.00,32
2018-07-31,72.96,17.70,9.34,0.00,0.00,0.00,36
2018-07-24,62.44,26.60,10.96,0.00,0.00,0.00,49
2018-07-17,58.08,30.04,11.87,0.00,0.00,0.00,54
2018-07-10,64.83,26.38,8.80,0.00,0.00,0.00,44
2018-07-03,67.43,26.69,5.88,0.00,0.00,0.00,38
2018-06-26,69.41,24.71,5.88,0.00,0.00,0.00,36
2018-06-19,70.65,29.35,0.00,0.00,0.00,0.00,29
2018-06-12,93.23,6.77,0.00,0.00,0.00,0.00,7
2018-06-05,93.23,6.77,0.00,0.00,0.00,0.00,7
2018-05-29,99.17,0.83,0.00,0.00,0.00,0.00,1
2018-05-22,99.17,0.83,0.00,0.00,0.00,0.00,1
2018-05-15,99.03,0.97,0.00,0.00,0.00,0.00,1
2018-05-08,98.00,2.00,0.00,0.00,0.00,0.00,2
2018-05-01,98.00,2.00,0.00,0.00,0.00,0.00,2
2018-04-24,97.77,2.14,0.08,0.00,0.00,0.00,2
2018-04-17,97.77,2.14,0.08,0.00,0.00,0.00,2
2018-04-10,96.69,3.19,0.12,0.00,0.00,0.00,3
2018-04-03,98.71,1.17,0.12,0.00,0.00,0.00,1
2018-03-27,98.71,1.17,0.12,0.00,0.00,0.00,1
2018-03-20,97.61,2.21,0.18,0.00,0.00,0.00,3
2018-03-13,97.61,2.21,0.18,0.00,0.00,0.00,3
2018-03-06,97.61,2.21,0.18,0.00,0.00,0.00,3
2018-02-27,97.41,2.41,0.18,0.00,0.00,0.00,3
2018-02-20,93.78,6.04,0.18,0.00,0.00,0.00,6
2018-02-13,93.78,5.64,0.58,0.00,0.00,0.00,7
2018-02-06,77.56,17.34,4.53,0.58,0.00,0.00,28
2018-01-30,73.58,21.14,4.70,0.58,0.00,0.00,32
2018-01-23,73.58,21.16,5.25,0.00,0.00,0.00,32
2018-01-16,73.50,21.24,5.25,0.00,0.00,0.00,32
2018-01-09,73.29,21.46,5.25,0.00,0.00,0.00,32
2018-01-02,76.11,18.63,5.25,0.00,0.00,0.00,29
2017-12-26,78.34,18.18,3.48,0.00,0.00,0.00,25
2017-12-19,77.46,19.83,2.71,0.00,0.00,0.00,25
2017-12-12,83.05,15.53,1.42,0.00,0.00,0.00,18
2017-12-05,84.85,13.73,1.42,0.00,0.00,0.00,17
2017-11-28,92.44,7.56,0.00,0.00,0.00,0.00,8
2017-11-21,91.83,8.17,0.00,0.00,0.00,0.00,8
2017-11-14,91.05,8.95,0.00,0.00,0.00,0.00,9
2017-11-07,91.03,8.97,0.00,0.00,0.00,0.00,9
2017-10-31,89.64,10.36,0.00,0.00,0.00,0.00,10
2017-10-24,36.75,50.92,12.33,0.00,0.00,0.00,76
2017-10-17,51.12,41.67,7.22,0.00,0.00,0.00,56
2017-10-10,54.31,41.76,3.94,0.00,0.00,0.00,50
2017-10-03,55.03,41.03,3.94,0.00,0.00,0.00,49
2017-09-26,77.61,18.45,3.94,0.00,0.00,0.00,26
2017-09-19,90.35,5.72,3.94,0.00,0.00,0.00,14
2017-09-12,90.92,5.14,3.94,0.00,0.00,0.00,13
2017-09-05,87.24,8.14,4.62,0.00,0.00,0.00,17
2017-08-29,87.22,8.17,4.62,0.00,0.00,0.00,17
2017-08-22,89.00,6.17,4.83,0.00,0.00,0.00,16
2017-08-15,89.00,6.17,4.83,0.00,0.00,0.00,16
2017-08-08,89.62,7.73,2.65,0.00,0.00,0.00,13
2017-08-01,90.33,8.10,1.57,0.00,0.00,0.00,11
2017-07-25,93.07,6.93,0.00,0.00,0.00,0.00,7
2017-07-18,97.20,2.80,0.00,0.00,0.00,0.00,3
2017-07-11,98.18,1.82,0.00,0.00,0.00,0.00,2
2017-07-04,96.60,3.40,0.00,0.00,0.00,0.00,3
2017-06-27,97.70,2.30,0.00,0.00,0.00,0.00,2
2017-06-20,97.27,2.73,0.00,0.00,0.00,0.00,3
2017-06-13,98.73,1.27,0.00,0.00,0.00,0.00,1
2017-06-06,100.00,0.00,0.00,0.00,0.00,0.00,0
2017-05-30,98.00,2.00,0.00,0.00,0.00,0.00,2
2017-05-23,97.59,2.41,0.00,0.00,0.00,0.00,2
2017-05-16,97.59,2.41,0.00,0.00,0.00,0.00,2
2017-05-09,97.00,3.00,0.00,0.00,0.00,0.00,3
2017-05-02,88.81,8.19,3.00,0.00,0.00,0.00,14
2017-04-25,83.33,13.22,3.45,0.00,0.00,0.00,20
2017-04-18,77.87,14.32,7.59,0.22,0.00,0.00,30
2017-04-11,77.87,14.26,7.10,0.77,0.00,0.00,31
2017-04-04,70.80,18.69,9.45,1.05,0.00,0.00,41
2017-03-28,66.98,18.26,12.47,2.29,0.00,0.00,50
2017-03-21,66.66,18.58,12.47,2.29,0.00,0.00,50
2017-03-14,55.40,21.77,15.88,6.96,0.00,0.00,74
2017-03-07,53.19,19.75,20.10,6.96,0.00,0.00,81
2017-02-28,53.19,19.75,20.10,6.26,0.70,0.00,82
2017-02-21,48.50,23.51,21.45,5.84,0.70,0.00,87
2017-02-14,48.80,23.06,21.61,5.84,0.70,0.00,87
2017-02-07,39.75,25.45,26.92,7.19,0.70,0.00,104
2017-01-31,39.27,25.93,26.92,6.78,1.10,0.00,105
2017-01-24,39.27,20.02,32.77,6.55,1.39,0.00,111
2017-01-17,35.09,23.17,30.66,9.68,1.39,0.00,119
2017-01-10,32.71,25.11,30.75,10.04,1.39,0.00,122
2017-01-03,30.55,25.81,31.97,10.28,1.39,0.00,126
2016-12-27,29.58,26.71,29.15,11.45,3.11,0.00,132
2016-12-20,28.82,26.77,26.99,14.31,3.11,0.00,136
2016-12-13,23.86,23.62,33.74,15.38,3.40,0.00,151
2016-12-06,22.53,23.96,34.40,15.71,3.40,0.00,153
2016-11-29,22.14,23.51,34.66,16.29,3.40,0.00,155
2016-11-22,21.60,23.38,34.15,17.47,3.40,0.00,158
2016-11-15,22.19,22.21,32.90,18.76,3.95,0.00,160
2016-11-08,28.38,20.94,33.06,16.25,1.37,0.00,141
2016-11-01,31.32,17.45,31.37,18.49,1.37,0.00,141
2016-10-25,32.70,15.64,28.83,20.25,2.58,0.00,144
2016-10-18,23.21,24.07,26.76,20.92,5.04,0.00,161
2016-10-11,27.66,29.40,20.92,16.99,5.04,0.00,142
2016-10-04,34.89,24.14,19.02,16.35,5.60,0.00,134
2016-09-27,21.73,37.98,20.73,12.89,6.66,0.00,145
2016-09-20,31.05,32.31,20.62,10.55,5.47,0.00,127
2016-09-13,32.90,30.06,21.01,10.55,5.47,0.00,126
2016-09-06,40.50,31.75,14.07,9.83,3.85,0.00,105
2016-08-30,41.53,31.20,14.47,10.29,2.51,0.00,101
2016-08-23,44.16,30.26,13.43,9.84,2.31,0.00,96
2016-08-16,42.59,30.65,14.76,9.70,2.31,0.00,99
2016-08-09,40.05,31.41,15.59,12.81,0.15,0.00,102
2016-08-02,40.86,31.89,16.25,11.01,0.00,0.00,97
2016-07-26,34.20,36.71,18.99,10.10,0.00,0.00,105
2016-07-19,37.56,37.30,16.54,8.60,0.00,0.00,96
2016-07-12,35.98,41.23,17.70,5.08,0.00,0.00,92
2016-07-05,34.36,44.82,19.00,1.81,0.00,0.00,88
2016-06-28,34.91,52.66,12.43,0.00,0.00,0.00,78
2016-06-21,38.55,53.84,7.62,0.00,0.00,0.00,69
2016-06-14,52.80,43.20,4.00,0.00,0.00,0.00,51
2016-06-07,56.81,41.03,2.16,0.00,0.00,0.00,45
2016-05-31,60.55,38.66,0.78,0.00,0.00,0.00,40
2016-05-24,60.16,39.05,0.78,0.00,0.00,0.00,41
2016-05-17,67.18,31.82,1.00,0.00,0.00,0.00,34
2016-05-10,67.78,31.22,1.00,0.00,0.00,0.00,33
2016-05-03,62.85,33.67,3.47,0.00,0.00,0.00,41
2016-04-26,60.95,34.00,5.04,0.00,0.00,0.00,44
2016-04-19,73.16,26.84,0.00,0.00,0.00,0.00,27
2016-04-12,88.13,11.87,0.00,0.00,0.00,0.00,12
2016-04-05,94.29,5.71,0.00,0.00,0.00,0.00,6
2016-03-29,94.29,5.71,0.00,0.00,0.00,0.00,6
2016-03-22,95.99,4.01,0.00,0.00,0.00,0.00,4
2016-03-15,95.87,4.13,0.00,0.00,0.00,0.00,4
2016-03-08,95.87,4.13,0.00,0.00,0.00,0.00,4
2016-03-01,96.26,3.74,0.00,0.00,0.00,0.00,4
2016-02-23,83.96,13.71,2.33,0.00,0.00,0.00,18
2016-02-16,71.66,25.07,3.27,0.00,0.00,0.00,32
2016-02-09,71.07,25.66,3.27,0.00,0.00,0.00,32
2016-02-02,71.89,24.84,3.27,0.00,0.00,0.00,31
2016-01-26,73.82,22.91,3.27,0.00,0.00,0.00,29
2016-01-19,67.85,25.83,6.32,0.00,0.00,0.00,38
2016-01-12,67.85,25.83,6.32,0.00,0.00,0.00,38
2016-01-05,65.12,28.28,6.60,0.00,0.00,0.00,41
2015-12-29,62.11,31.29,6.60,0.00,0.00,0.00,44
2015-12-22,62.11,30.89,7.00,0.00,0.00,0.00,45
2015-12-15,62.47,31.13,6.39,0.00,0.00,0.00,44
2015-12-08,73.46,20.15,6.39,0.00,0.00,0.00,33
2015-12-01,73.46,20.15,6.39,0.00,0.00,0.00,33
2015-11-24,71.65,21.96,6.39,0.00,0.00,0.00,35
2015-11-17,71.39,22.22,6.39,0.00,0.00,0.00,35
2015-11-10,76.35,17.25,6.39,0.00,0.00,0.00,30
2015-11-03,76.35,17.25,6.39,0.00,0.00,0.00,30
2015-10-27,72.67,20.93,6.39,0.00,0.00,0.00,34
2015-10-20,73.39,20.83,5.78,0.00,0.00,0.00,32
2015-10-13,74.06,20.15,5.78,0.00,0.00,0.00,32
2015-10-06,71.30,22.91,5.78,0.00,0.00,0.00,34
2015-09-29,42.43,48.57,9.00,0.00,0.00,0.00,67
2015-09-22,41.94,52.55,5.50,0.00,0.00,0.00,64
2015-09-15,51.42,44.38,4.20,0.00,0.00,0.00,53
2015-09-08,51.57,44.05,4.38,0.00,0.00,0.00,53
2015-09-01,72.78,23.97,3.25,0.00,0.00,0.00,30
2015-08-25,76.70,21.14,2.16,0.00,0.00,0.00,25
2015-08-18,77.82,19.85,2.33,0.00,0.00,0.00,25
2015-08-11,83.14,14.53,2.33,0.00,0.00,0.00,19
2015-08-04,90.25,7.42,2.33,0.00,0.00,0.00,12
2015-07-28,91.21,6.55,2.24,0.00,0.00,0.00,11
2015-07-21,91.21,6.55,2.24,0.00,0.00,0.00,11
2015-07-14,91.21,6.55,2.24,0.00,0.00,0.00,11
2015-07-07,83.73,12.85,3.42,0.00,0.00,0.00,20
2015-06-30,78.74,17.38,3.89,0.00,0.00,0.00,25
2015-06-23,68.65,21.21,10.14,0.00,0.00,0.00,41
2015-06-16,57.85,28.21,13.94,0.00,0.00,0.00,56
2015-06-09,54.28,32.87,12.85,0.00,0.00,0.00,59
2015-06-02,49.46,37.69,12.85,0.00,0.00,0.00,63
2015-05-26,29.45,46.95,23.60,0.00,0.00,0.00,94
2015-05-19,36.06,41.24,22.70,0.00,0.00,0.00,87
2015-05-12,37.84,62.16,0.00,0.00,0.00,0.00,62
2015-05-05,49.62,50.38,0.00,0.00,0.00,0.00,50
2015-04-28,60.21,39.79,0.00,0.00,0.00,0.00,40
2015-04-21,59.97,40.03,0.00,0.00,0.00,0.00,40
2015-04-14,54.75,45.25,0.00,0.00,0.00,0.00,45
2015-04-07,53.44,46.56,0.00,0.00,0.00,0.00,47
2015-03-31,54.53,45.47,0.00,0.00,0.00,0.00,45
2015-03-24,74.90,25.10,0.00,0.00,0.00,0.00,25
2015-03-17,84.25,15.75,0.00,0.00,0.00,0.00,16
2015-03-10,86.09,13.91,0.00,0.00,0.00,0.00,14
2015-03-03,83.24,16.76,0.00,0.00,0.00,0.00,17
2015-02-24,82.68,17.32,0.00,0.00,0.00,0.00,17
2015-02-17,82.13,17.87,0.00,0.00,0.00,0.00,18
2015-02-10,81.70,18.30,0.00,0.00,0.00,0.00,18
2015-02-03,82.28,17.72,0.00,0.00,0.00,0.00,18
2015-01-27,82.28,17.72,0.00,0.00,0.00,0.00,18
2015-01-20,83.69,16.31,0.00,0.00,0.00,0.00,16
2015-01-13,89.26,10.74,0.00,0.00,0.00,0.00,11
2015-01-06,89.25,10.75,0.00,0.00,0.00,0.00,11
2014-12-30,86.72,13.28,0.00,0.00,0.00,0.00,13
2014-12-23,85.85,14.15,0.00,0.00,0.00,0.00,14
2014-12-16,85.43,14.57,0.00,0.00,0.00,0.00,15
2014-12-09,78.02,21.15,0.83,0.00,0.00,0.00,23
2014-12-02,78.69,19.24,2.07,0.00,0.00,0.00,23
2014-11-25,76.15,21.49,2.37,0.00,0.00,0.00,26
2014-11-18,80.12,17.52,2.37,0.00,0.00,0.00,22
2014-11-11,83.99,13.64,2.37,0.00,0.00,0.00,18
2014-11-04,83.99,13.64,2.37,0.00,0.00,0.00,18
2014-10-28,84.12,13.51,2.37,0.00,0.00,0.00,18
2014-10-21,65.58,30.68,3.73,0.00,0.00,0.00,38
2014-10-14,59.34,36.93,3.73,0.00,0.00,0.00,44
2014-10-07,66.66,29.80,3.54,0.00,0.00,0.00,37
2014-09-30,65.91,30.55,3.54,0.00,0.00,0.00,38
2014-09-23,71.91,25.18,2.91,0.00,0.00,0.00,31
2014-09-16,86.96,13.04,0.00,0.00,0.00,0.00,13
2014-09-09,90.34,9.66,0.00,0.00,0.00,0.00,10
2014-09-02,94.27,5.73,0.00,0.00,0.00,0.00,6
2014-08-26,94.28,5.72,0.00,0.00,0.00,0.00,6
2014-08-19,96.00,4.00,0.00,0.00,0.00,0.00,4
2014-08-12,94.22,5.78,0.00,0.00,0.00,0.00,6
2014-08-05,94.62,5.38,0.00,0.00,0.00,0.00,5
2014-07-29,94.75,5.25,0.00,0.00,0.00,0.00,5
2014-07-22,93.45,6.55,0.00,0.00,0.00,0.00,7
2014-07-15,95.42,4.58,0.00,0.00,0.00,0.00,5
2014-07-08,96.40,3.60,0.00,0.00,0.00,0.00,4
2014-07-01,95.91,4.09,0.00,0.00,0.00,0.00,4
2014-06-24,98.28,1.72,0.00,0.00,0.00,0.00,2
2014-06-17,99.06,0.94,0.00,0.00,0.00,0.00,1
2014-06-10,98.40,1.60,0.00,0.00,0.00,0.00,2
2014-06-03,98.68,1.32,0.00,0.00,0.00,0.00,1
2014-05-27,98.68,1.32,0.00,0.00,0.00,0.00,1
2014-05-20,98.68,1.32,0.00,0.00,0.00,0.00,1
2014-05-13,90.97,9.03,0.00,0.00,0.00,0.00,9
2014-05-06,90.97,9.03,0.00,0.00,0.00,0.00,9
2014-04-29,97.93,2.07,0.00,0.00,0.00,0.00,2
2014-04-22,95.78,4.22,0.00,0.00,0.00,0.00,4
2014-04-15,98.01,1.99,0.00,0.00,0.00,0.00,2
2014-04-08,98.01,1.99,0.00,0.00,0.00,0.00,2
2014-04-01,98.01,1.99,0.00,0.00,0.00,0.00,2
2014-03-25,96.04,3.96,0.00,0.00,0.00,0.00,4
2014-03-18,96.04,3.96,0.00,0.00,0.00,0.00,4
2014-03-11,96.04,3.96,0.00,0.00,0.00,0.00,4
2014-03-04,96.04,3.96,0.00,0.00,0.00,0.00,4
2014-02-25,96.04,3.96,0.00,0.00,0.00,0.00,4
2014-02-18,92.33,7.67,0.00,0.00,0.00,0.00,8
2014-02-11,88.13,11.87,0.00,0.00,0.00,0.00,12
2014-02-04,86.75,13.25,0.00,0.00,0.00,0.00,13
2014-01-28,88.57,11.43,0.00,0.00,0.00,0.00,11
2014-01-21,88.57,11.43,0.00,0.00,0.00,0.00,11
2014-01-14,83.57,14.23,2.20,0.00,0.00,0.00,19
2014-01-07,69.07,25.82,5.11,0.00,0.00,0.00,36
2013-12-31,69.91,23.36,6.73,0.00,0.00,0.00,37
2013-12-24,69.76,22.78,7.46,0.00,0.00,0.00,38
2013-12-17,67.82,24.72,7.46,0.00,0.00,0.00,40
2013-12-10,67.44,25.10,7.46,0.00,0.00,0.00,40
2013-12-03,64.64,27.90,7.46,0.00,0.00,0.00,43
2013-11-26,57.72,34.53,7.75,0.00,0.00,0.00,50
2013-11-19,64.45,27.80,7.75,0.00,0.00,0.00,43
2013-11-12,70.29,24.41,5.30,0.00,0.00,0.00,35
2013-11-05,78.96,17.80,3.24,0.00,0.00,0.00,24
2013-10-29,78.60,18.17,3.24,0.00,0.00,0.00,25
2013-10-22,82.82,16.54,0.64,0.00,0.00,0.00,18
2013-10-15,84.08,15.92,0.00,0.00,0.00,0.00,16
2013-10-08,80.04,19.96,0.00,0.00,0.00,0.00,20
2013-10-01,80.04,19.96,0.00,0.00,0.00,0.00,20
2013-09-24,90.39,9.61,0.00,0.00,0.00,0.00,10
2013-09-17,90.28,9.72,0.00,0.00,0.00,0.00,10
2013-09-10,92.98,7.02,0.00,0.00,0.00,0.00,7
2013-09-03,95.54,4.46,0.00,0.00,0.00,0.00,4
2013-08-27,97.59,2.41,0.00,0.00,0.00,0.00,2
2013-08-20,100.00,0.00,0.00,0.00,0.00,0.00,0
2013-08-13,100.00,0.00,0.00,0.00,0.00,0.00,0
2013-08-06,100.00,0.00,0.00,0.00,0.00,0.00,0
2013-07-30,100.00,0.00,0.00,0.00,0.00,0.00,0
2013-07-23,100.00,0.00,0.00,0.00,0.00,0.00,0
2013-07-16,100.00,0.00,0.00,0.00,0.00,0.00,0
2013-07-09,98.86,1.14,0.00,0.00,0.00,0.00,1
2013-07-02,98.52,1.48,0.00,0.00,0.00,0.00,1
2013-06-25,90.71,8.90,0.39,0.00,0.00,0.00,10
2013-06-18,90.71,8.90,0.39,0.00,0.00,0.00,10
2013-06-11,88.53,11.07,0.39,0.00,0.00,0.00,12
2013-06-04,76.64,22.14,1.22,0.00,0.00,0.00,25
2013-05-28,75.08,23.69,1.22,0.00,0.00,0.00,26
2013-05-21,55.06,37.70,7.25,0.00,0.00,0.00,52
2013-05-14,60.97,31.76,7.27,0.00,0.00,0.00,46
2013-05-07,45.66,44.52,9.81,0.00,0.00,0.00,64
2013-04-30,68.94,31.06,0.00,0.00,0.00,0.00,31
2013-04-23,81.11,18.89,0.00,0.00,0.00,0.00,19
2013-04-16,83.53,16.47,0.00,0.00,0.00,0.00,16
2013-04-09,77.52,22.48,0.00,0.00,0.00,0.00,22
2013-04-02,81.71,18.29,0.00,0.00,0.00,0.00,18
2013-03-26,93.77,6.23,0.00,0.00,0.00,0.00,6
2013-03-19,93.77,6.23,0.00,0.00,0.00,0.00,6
2013-03-12,93.77,6.23,0.00,0.00,0.00,0.00,6
2013-03-05,93.71,6.29,0.00,0.00,0.00,0.00,6
2013-02-26,93.71,6.29,0.00,0.00,0.00,0.00,6
2013-02-19,93.71,6.29,0.00,0.00,0.00,0.00,6
2013-02-12,93.71,6.29,0.00,0.00,0.00,0.00,6
2013-02-05,94.26,5.74,0.00,0.00,0.00,0.00,6
2013-01-29,93.83,6.11,0.06,0.00,0.00,0.00,6
2013-01-22,93.83,6.11,0.06,0.00,0.00,0.00,6
2013-01-15,92.18,7.64,0.18,0.00,0.00,0.00,8
2013-01-08,91.70,8.12,0.18,0.00,0.00,0.00,8
2013-01-01,91.73,8.09,0.18,0.00,0.00,0.00,8
2012-12-25,87.73,12.27,0.00,0.00,0.00,0.00,12
2012-12-18,86.65,13.35,0.00,0.00,0.00,0.00,13
2012-12-11,86.65,13.35,0.00,0.00,0.00,0.00,13
2012-12-04,86.69,13.31,0.00,0.00,0.00,0.00,13
2012-11-27,87.75,12.25,0.00,0.00,0.00,0.00,12
2012-11-20,92.10,7.90,0.00,0.00,0.00,0.00,8
2012-11-13,95.19,4.81,0.00,0.00,0.00,0.00,5
2012-11-06,95.19,4.81,0.00,0.00,0.00,0.00,5
2012-10-30,95.03,4.97,0.00,0.00,0.00,0.00,5
2012-10-23,86.34,9.45,3.75,0.47,0.00,0.00,18
2012-10-16,82.67,12.51,4.35,0.47,0.00,0.00,23
2012-10-09,82.09,12.47,4.97,0.47,0.00,0.00,24
2012-10-02,81.90,12.21,5.42,0.47,0.00,0.00,24
2012-09-25,80.43,12.74,6.36,0.47,0.00,0.00,27
2012-09-18,66.24,25.72,7.58,0.47,0.00,0.00,42
2012-09-11,66.30,25.44,7.79,0.47,0.00,0.00,42
2012-09-04,59.21,30.60,9.25,0.95,0.00,0.00,52
2012-08-28,55.21,33.30,10.54,0.95,0.00,0.00,57
2012-08-21,54.75,33.19,10.12,1.94,0.00,0.00,59
2012-08-14,44.40,41.95,11.62,2.02,0.00,0.00,71
2012-08-07,40.78,45.57,11.62,2.02,0.00,0.00,75
2012-07-31,39.84,46.51,11.62,2.02,0.00,0.00,76
2012-07-24,36.65,47.17,14.61,1.56,0.00,0.00,81
2012-07-17,34.04,50.90,14.74,0.33,0.00,0.00,81
2012-07-10,51.85,41.97,5.85,0.33,0.00,0.00,55
2012-07-03,68.39,27.06,4.36,0.19,0.00,0.00,36
2012-06-26,76.48,21.37,1.96,0.19,0.00,0.00,26
2012-06-19,81.66,16.74,1.41,0.19,0.00,0.00,20
2012-06-12,90.26,7.94,1.61,0.19,0.00,0.00,12
2012-06-05,91.34,6.85,1.61,0.19,0.00,0.00,11
2012-05-29,70.86,24.24,4.65,0.24,0.00,0.00,34
2012-05-22,72.09,22.89,4.78,0.24,0.00,0.00,33
2012-05-15,70.07,14.79,14.90,0.24,0.00,0.00,45
2012-05-08,47.99,25.20,23.37,3.44,0.00,0.00,82
2012-05-01,40.25,33.83,22.49,3.44,0.00,0.00,89
2012-04-24,35.91,38.17,21.89,4.03,0.00,0.00,94
2012-04-17,31.37,40.98,20.32,7.33,0.00,0.00,104
2012-04-10,33.89,38.46,20.32,7.33,0.00,0.00,101
2012-04-03,36.13,54.04,9.83,0.00,0.00,0.00,74
2012-03-27,52.75,43.29,3.96,0.00,0.00,0.00,51
2012-03-20,55.89,41.83,2.28,0.00,0.00,0.00,46
2012-03-13,76.97,22.58,0.45,0.00,0.00,0.00,23
2012-03-06,82.27,17.29,0.45,0.00,0.00,0.00,18
2012-02-28,81.08,18.47,0.45,0.00,0.00,0.00,19
2012-02-21,81.08,18.47,0.45,0.00,0.00,0.00,19
2012-02-14,81.08,18.47,0.45,0.00,0.00,0.00,19
2012-02-07,83.21,16.35,0.45,0.00,0.00,0.00,17
2012-01-31,83.95,15.60,0.45,0.00,0.00,0.00,17
2012-01-24,80.68,19.32,0.00,0.00,0.00,0.00,19
2012-01-17,80.68,19.32,0.00,0.00,0.00,0.00,19
2012-01-10,96.35,3.65,0.00,0.00,0.00,0.00,4
2012-01-03,97.77,2.23,0.00,0.00,0.00,0.00,2
2011-12-27,96.68,3.32,0.00,0.00,0.00,0.00,3
2011-12-20,96.68,3.32,0.00,0.00,0.00,0.00,3
2011-12-13,100.00,0.00,0.00,0.00,0.00,0.00,0
2011-12-06,100.00,0.00,0.00,0.00,0.00,0.00,0
2011-11-29,100.00,0.00,0.00,0.00,0.00,0.00,0
2011-11-22,100.00,0.00,0.00,0.00,0.00,0.00,0
2011-11-15,100.00,0.00,0.00,0.00,0.00,0.00,0
2011-11-08,100.00,0.00,0.00,0.00,0.00,0.00,0
2011-11-01,100.00,0.00,0.00,0.00,0.00,0.00,0
2011-10-25,100.00,0.00,0.00,0.00,0.00,0.00,0
2011-10-18,100.00,0.00,0.00,0.00,0.00,0.00,0
2011-10-11,98.84,1.16,0.00,0.00,0.00,0.00,1
2011-10-04,98.84,1.16,0.00,0.00,0.00,0.00,1
2011-09-27,97.23,2.77,0.00,0.00,0.00,0.00,3
2011-09-20,97.23,2.77,0.00,0.00,0.00,0.00,3
2011-09-13,97.23,2.77,0.00,0.00,0.00,0.00,3
2011-09-06,89.07,10.81,0.12,0.00,0.00,0.00,11
2011-08-30,82.09,16.41,1.50,0.00,0.00,0.00,19
2011-08-23,70.18,25.19,4.63,0.00,0.00,0.00,34
2011-08-16,68.95,22.02,9.03,0.00,0.00,0.00,40
2011-08-09,58.27,17.81,23.54,0.37,0.00,0.00,66
2011-08-02,60.99,15.10,23.54,0.37,0.00,0.00,63
2011-07-26,64.04,34.27,1.32,0.37,0.00,0.00,38
2011-07-19,79.85,18.46,1.32,0.37,0.00,0.00,22
2011-07-12,90.44,8.13,1.08,0.35,0.00,0.00,11
2011-07-05,92.62,5.64,1.26,0.48,0.00,0.00,10
2011-06-28,94.06,4.21,1.73,0.00,0.00,0.00,8
2011-06-21,95.44,2.82,1.73,0.00,0.00,0.00,6
2011-06-14,95.43,2.84,1.73,0.00,0.00,0.00,6
2011-06-07,96.34,2.31,1.35,0.00,0.00,0.00,5
2011-05-31,98.37,0.64,0.99,0.00,0.00,0.00,3
2011-05-24,98.37,1.09,0.55,0.00,0.00,0.00,2
2011-05-17,98.11,1.89,0.00,0.00,0.00,0.00,2
2011-05-10,99.68,0.32,0.00,0.00,0.00,0.00,0
2011-05-03,99.68,0.32,0.00,0.00,0.00,0.00,0
2011-04-26,99.76,0.24,0.00,0.00,0.00,0.00,0
2011-04-19,99.76,0.24,0.00,0.00,0.00,0.00,0
2011-04-12,99.76,0.24,0.00,0.00,0.00,0.00,0
2011-04-05,99.70,0.30,0.00,0.00,0.00,0.00,0
2011-03-29,99.45,0.55,0.00,0.00,0.00,0.00,1
2011-03-22,99.45,0.55,0.00,0.00,0.00,0.00,1
2011-03-15,98.85,1.15,0.00,0.00,0.00,0.00,1
2011-03-08,96.48,3.51,0.01,0.00,0.00,0.00,4
2011-03-01,75.46,23.10,1.44,0.00,0.00,0.00,26
2011-02-22,75.46,23.10,1.44,0.00,0.00,0.00,26
2011-02-15,74.48,24.07,1.44,0.00,0.00,0.00,27
2011-02-08,76.21,22.69,1.09,0.00,0.00,0.00,25
2011-02-01,77.77,21.44,0.79,0.00,0.00,0.00,23
2011-01-25,80.51,19.31,0.18,0.00,0.00,0.00,20
2011-01-18,89.77,10.23,0.00,0.00,0.00,0.00,10
2011-01-11,89.83,10.17,0.00,0.00,0.00,0.00,10
2011-01-04,96.25,3.75,0.00,0.00,0.00,0.00,4
2010-12-28,96.25,3.75,0.00,0.00,0.00,0.00,4
2010-12-21,96.25,3.75,0.00,0.00,0.00,0.00,4
2010-12-14,96.25,3.75,0.00,0.00,0.00,0.00,4
2010-12-07,95.40,4.60,0.00,0.00,0.00,0.00,5
2010-11-30,80.36,16.28,3.36,0.00,0.00,0.00,23
2010-11-23,78.18,18.46,3.36,0.00,0.00,0.00,25
2010-11-16,78.88,17.89,3.23,0.00,0.00,0.00,24
2010-11-09,78.88,17.89,3.23,0.00,0.00,0.00,24
2010-11-02,77.33,18.52,3.25,0.90,0.00,0.00,28
2010-10-26,77.53,18.32,3.25,0.90,0.00,0.00,28
2010-10-19,75.90,19.26,3.95,0.90,0.00,0.00,30
2010-10-12,63.70,30.59,4.82,0.90,0.00,0.00,43
2010-10-05,64.02,28.60,6.49,0.90,0.00,0.00,44
2010-09-28,42.50,39.36,14.33,2.80,1.02,0.00,80
2010-09-21,46.74,36.46,12.98,2.80,1.02,0.00,75
2010-09-14,48.32,37.51,10.35,2.80,1.02,0.00,71
2010-09-07,63.28,25.79,7.10,2.80,1.02,0.00,52
2010-08-31,60.07,29.56,8.87,1.50,0.00,0.00,52
2010-08-24,62.43,31.36,5.40,0.81,0.00,0.00,45
2010-08-17,56.75,32.28,9.54,1.44,0.00,0.00,56
2010-08-10,63.23,28.50,6.83,1.44,0.00,0.00,46
2010-08-03,64.09,29.24,5.23,1.44,0.00,0.00,44
2010-07-27,67.23,26.56,5.72,0.48,0.00,0.00,39
2010-07-20,66.37,27.69,5.94,0.00,0.00,0.00,40
2010-07-13,68.67,22.54,8.60,0.19,0.00,0.00,40
2010-07-06,69.92,24.61,5.28,0.19,0.00,0.00,36
2010-06-29,75.73,22.33,1.94,0.00,0.00,0.00,26
2010-06-22,90.25,9.75,0.00,0.00,0.00,0.00,10
2010-06-15,92.22,7.78,0.00,0.00,0.00,0.00,8
2010-06-08,87.85,12.15,0.00,0.00,0.00,0.00,12
2010-06-01,56.22,42.21,1.56,0.00,0.00,0.00,45
2010-05-25,86.98,13.02,0.00,0.00,0.00,0.00,13
2010-05-18,88.38,11.62,0.00,0.00,0.00,0.00,12
2010-05-11,86.65,10.61,2.74,0.00,0.00,0.00,16
2010-05-04,80.88,14.63,4.48,0.00,0.00,0.00,24
2010-04-27,80.03,15.49,4.48,0.00,0.00,0.00,24
2010-04-20,82.98,14.29,2.74,0.00,0.00,0.00,20
2010-04-13,83.97,16.03,0.00,0.00,0.00,0.00,16
2010-04-06,90.39,9.61,0.00,0.00,0.00,0.00,10
2010-03-30,100.00,0.00,0.00,0.00,0.00,0.00,0
2010-03-23,100.00,0.00,0.00,0.00,0.00,0.00,0
2010-03-16,100.00,0.00,0.00,0.00,0.00,0.00,0
2010-03-09,100.00,0.00,0.00,0.00,0.00,0.00,0
2010-03-02,100.00,0.00,0.00,0.00,0.00,0.00,0
2010-02-23,100.00,0.00,0.00,0.00,0.00,0.00,0
2010-02-16,100.00,0.00,0.00,0.00,0.00,0.00,0
2010-02-09,100.00,0.00,0.00,0.00,0.00,0.00,0
2010-02-02,100.00,0.00,0.00,0.00,0.00,0.00,0
2010-01-26,100.00,0.00,0.00,0.00,0.00,0.00,0
2010-01-19,100.00,0.00,0.00,0.00,0.00,0.00,0
2010-01-12,100.00,0.00,0.00,0.00,0.00,0.00,0
2010-01-05,100.00,0.00,0.00,0.00,0.00,0.00,0
2009-12-29,100.00,0.00,0.00,0.00,0.00,0.00,0
2009-12-22,100.00,0.00,0.00,0.00,0.00,0.00,0
2009-12-15,100.00,0.00,0.00,0.00,0.00,0.00,0
2009-12-08,97.37,2.63,0.00,0.00,0.00,0.00,3
2009-12-01,93.73,6.27,0.00,0.00,0.00,0.00,6
2009-11-24,93.73,6.27,0.00,0.00,0.00,0.00,6
2009-11-17,93.73,6.27,0.00,0.00,0.00,0.00,6
2009-11-10,93.73,6.27,0.00,0.00,0.00,0.00,6
2009-11-03,93.73,6.27,0.00,0.00,0.00,0.00,6
2009-10-27,91.36,8.64,0.00,0.00,0.00,0.00,9
2009-10-20,93.51,6.49,0.00,0.00,0.00,0.00,6
2009-10-13,91.99,6.61,1.40,0.00,0.00,0.00,9
2009-10-06,88.79,6.79,4.41,0.00,0.00,0.00,16
2009-09-29,88.79,6.79,4.41,0.00,0.00,0.00,16
2009-09-22,85.77,7.67,6.56,0.00,0.00,0.00,21
2009-09-15,90.52,9.48,0.00,0.00,0.00,0.00,9
2009-09-08,100.00,0.00,0.00,0.00,0.00,0.00,0
2009-09-01,100.00,0.00,0.00,0.00,0.00,0.00,0
2009-08-25,100.00,0.00,0.00,0.00,0.00,0.00,0
2009-08-18,96.55,3.45,0.00,0.00,0.00,0.00,3
2009-08-11,96.84,3.16,0.00,0.00,0.00,0.00,3
2009-08-04,96.84,3.16,0.00,0.00,0.00,0.00,3
2009-07-28,95.55,4.45,0.00,0.00,0.00,0.00,4
2009-07-21,94.33,5.67,0.00,0.00,0.00,0.00,6
2009-07-14,100.00,0.00,0.00,0.00,0.00,0.00,0
2009-07-07,100.00,0.00,0.00,0.00,0.00,0.00,0
2009-06-30,100.00,0.00,0.00,0.00,0.00,0.00,0
2009-06-23,100.00,0.00,0.00,0.00,0.00,0.00,0
2009-06-16,96.98,3.02,0.00,0.00,0.00,0.00,3
2009-06-09,94.57,5.43,0.00,0.00,0.00,0.00,5
2009-06-02,96.89,3.11,0.00,0.00,0.00,0.00,3
2009-05-26,87.14,12.86,0.00,0.00,0.00,0.00,13
2009-05-19,90.44,9.56,0.00,0.00,0.00,0.00,10
2009-05-12,80.24,19.76,0.00,0.00,0.00,0.00,20
2009-05-05,71.75,28.25,0.00,0.00,0.00,0.00,28
2009-04-28,51.89,48.11,0.00,0.00,0.00,0.00,48
2009-04-21,66.74,33.26,0.00,0.00,0.00,0.00,33
2009-04-14,64.97,30.27,4.76,0.00,0.00,0.00,40
2009-04-07,63.22,32.02,4.76,0.00,0.00,0.00,42
2009-03-31,63.12,32.56,4.32,0.00,0.00,0.00,41
2009-03-24,63.12,32.55,4.33,0.00,0.00,0.00,41
2009-03-17,90.19,8.94,0.87,0.00,0.00,0.00,11
2009-03-10,91.85,7.27,0.88,0.00,0.00,0.00,9
2009-03-03,91.85,7.32,0.83,0.00,0.00,0.00,9
2009-02-24,93.39,5.78,0.83,0.00,0.00,0.00,7
2009-02-17,93.39,5.78,0.83,0.00,0.00,0.00,7
2009-02-10,92.75,6.42,0.83,0.00,0.00,0.00,8
2009-02-03,95.20,3.95,0.85,0.00,0.00,0.00,6
2009-01-27,90.32,7.85,1.84,0.00,0.00,0.00,12
2009-01-20,90.36,7.80,1.84,0.00,0.00,0.00,11
2009-01-13,90.36,7.79,1.85,0.00,0.00,0.00,11
2009-01-06,88.72,7.92,3.36,0.00,0.00,0.00,15
2008-12-30,88.72,6.59,4.69,0.00,0.00,0.00,16
2008-12-23,88.10,7.09,4.81,0.00,0.00,0.00,17
2008-12-16,80.41,14.78,4.81,0.00,0.00,0.00,24
2008-12-09,76.44,17.81,5.15,0.61,0.00,0.00,30
2008-12-02,76.44,17.68,5.24,0.64,0.00,0.00,30
2008-11-25,76.32,19.14,3.90,0.64,0.00,0.00,29
2008-11-18,74.84,20.62,3.90,0.64,0.00,0.00,30
2008-11-11,73.44,21.79,3.85,0.92,0.00,0.00,32
2008-11-04,82.40,12.83,3.85,0.92,0.00,0.00,23
2008-10-28,82.40,12.83,3.85,0.92,0.00,0.00,23
2008-10-21,74.35,20.59,3.74,1.32,0.00,0.00,32
2008-10-14,75.15,19.91,3.62,1.32,0.00,0.00,31
2008-10-07,82.50,14.93,2.57,0.00,0.00,0.00,20
2008-09-30,82.50,14.93,2.57,0.00,0.00,0.00,20
2008-09-23,81.28,16.95,1.77,0.00,0.00,0.00,20
2008-09-16,90.17,8.66,1.16,0.00,0.00,0.00,11
2008-09-09,89.18,9.31,1.52,0.00,0.00,0.00,12
2008-09-02,79.68,16.76,3.56,0.00,0.00,0.00,24
2008-08-26,85.13,13.41,1.46,0.00,0.00,0.00,16
2008-08-19,93.82,5.92,0.26,0.00,0.00,0.00,6
2008-08-12,97.44,2.56,0.00,0.00,0.00,0.00,3
2008-08-05,97.08,2.92,0.00,0.00,0.00,0.00,3
2008-07-29,97.08,2.92,0.00,0.00,0.00,0.00,3
2008-07-22,88.56,11.44,0.00,0.00,0.00,0.00,11
2008-07-15,94.18,5.82,0.00,0.00,0.00,0.00,6
2008-07-08,92.24,7.76,0.00,0.00,0.00,0.00,8
2008-07-01,92.24,7.76,0.00,0.00,0.00,0.00,8
2008-06-24,84.88,15.12,0.00,0.00,0.00,0.00,15
2008-06-17,81.80,18.20,0.00,0.00,0.00,0.00,18
2008-06-10,69.38,30.62,0.00,0.00,0.00,0.00,31
2008-06-03,99.84,0.16,0.00,0.00,0.00,0.00,0
2008-05-27,99.84,0.16,0.00,0.00,0.00,0.00,0
2008-05-20,99.84,0.16,0.00,0.00,0.00,0.00,0
2008-05-13,98.33,1.67,0.00,0.00,0.00,0.00,2
2008-05-06,97.50,0.99,1.51,0.00,0.00,0.00,4
2008-04-29,97.50,0.99,1.51,0.00,0.00,0.00,4
2008-04-22,97.50,0.99,1.51,0.00,0.00,0.00,4
2008-04-15,96.75,1.52,1.74,0.00,0.00,0.00,5
2008-04-08,96.75,1.52,1.74,0.00,0.00,0.00,5
2008-04-01,96.61,1.65,0.68,1.06,0.00,0.00,6
2008-03-25,96.62,1.95,0.97,0.46,0.00,0.00,5
2008-03-18,96.54,2.02,0.97,0.46,0.00,0.00,5
2008-03-11,96.54,2.02,0.97,0.46,0.00,0.00,5
2008-03-04,94.60,2.45,2.39,0.56,0.00,0.00,9
2008-02-26,94.60,3.55,1.29,0.56,0.00,0.00,8
2008-02-19,94.28,3.54,1.62,0.56,0.00,0.00,8
2008-02-12,93.95,3.88,1.62,0.56,0.00,0.00,9
2008-02-05,93.70,3.99,1.75,0.56,0.00,0.00,9
2008-01-29,93.70,2.82,2.92,0.56,0.00,0.00,10
2008-01-22,93.70,2.82,2.92,0.56,0.00,0.00,10
2008-01-15,91.77,4.43,3.04,0.76,0.00,0.00,13
2008-01-08,89.78,6.19,2.89,1.14,0.00,0.00,15
2008-01-01,90.52,6.32,2.01,1.14,0.00,0.00,14
2007-12-25,90.52,6.32,2.01,1.14,0.00,0.00,14
2007-12-18,90.52,6.32,2.01,1.14,0.00,0.00,14
2007-12-11,86.35,6.99,4.75,1.91,0.00,0.00,22
2007-12-04,80.52,9.87,6.60,3.01,0.00,0.00,32
2007-11-27,77.75,12.41,6.79,3.05,0.00,0.00,35
2007-11-20,73.76,17.48,6.58,2.18,0.00,0.00,37
2007-11-13,73.44,17.80,6.58,2.18,0.00,0.00,38
2007-11-06,73.97,17.36,6.48,2.18,0.00,0.00,37
2007-10-30,76.99,12.34,8.96,1.71,0.00,0.00,35
2007-10-23,54.01,25.18,13.54,5.84,1.43,0.00,76
2007-10-16,51.25,23.63,17.61,6.20,1.32,0.00,83
2007-10-09,40.32,33.15,17.41,7.84,1.29,0.00,97
2007-10-02,50.98,30.17,11.40,7.18,0.27,0.00,76
2007-09-25,58.71,21.27,14.45,5.57,0.00,0.00,67
2007-09-18,66.72,20.93,9.48,2.87,0.00,0.00,49
2007-09-11,64.65,20.89,11.54,2.92,0.00,0.00,53
2007-09-04,61.76,22.71,12.62,2.92,0.00,0.00,57
2007-08-28,67.99,23.75,7.49,0.76,0.00,0.00,41
2007-08-21,68.25,15.82,14.85,1.08,0.00,0.00,49
2007-08-14,64.94,18.87,12.03,4.16,0.00,0.00,55
2007-08-07,52.10,29.40,14.73,3.77,0.00,0.00,70
2007-07-31,54.26,28.26,13.04,4.45,0.00,0.00,68
2007-07-24,56.42,24.37,16.58,2.62,0.00,0.00,65
2007-07-17,57.18,20.42,20.37,2.04,0.00,0.00,67
2007-07-10,57.14,28.05,13.59,1.23,0.00,0.00,59
2007-07-03,56.71,35.27,7.10,0.92,0.00,0.00,52
2007-06-26,63.03,27.16,8.49,1.33,0.00,0.00,48
2007-06-19,68.83,24.52,6.65,0.00,0.00,0.00,38
2007-06-12,80.04,19.41,0.55,0.00,0.00,0.00,21
2007-06-05,85.78,13.67,0.55,0.00,0.00,0.00,15
2007-05-29,90.84,8.99,0.17,0.00,0.00,0.00,9
2007-05-22,96.50,3.50,0.00,0.00,0.00,0.00,4
2007-05-15,96.42,3.58,0.00,0.00,0.00,0.00,4
2007-05-08,99.91,0.09,0.00,0.00,0.00,0.00,0
2007-05-01,99.97,0.03,0.00,0.00,0.00,0.00,0
2007-04-24,99.97,0.03,0.00,0.00,0.00,0.00,0
2007-04-17,99.97,0.03,0.00,0.00,0.00,0.00,0
2007-04-10,98.53,1.47,0.00,0.00,0.00,0.00,1
2007-04-03,98.93,1.07,0.00,0.00,0.00,0.00,1
2007-03-27,97.76,2.22,0.02,0.00,0.00,0.00,2
2007-03-20,97.80,2.20,0.00,0.00,0.00,0.00,2
2007-03-13,92.77,7.23,0.00,0.00,0.00,0.00,7
2007-03-06,98.78,1.22,0.00,0.00,0.00,0.00,1
2007-02-27,93.57,6.42,0.01,0.00,0.00,0.00,6
2007-02-20,88.06,11.80,0.14,0.00,0.00,0.00,12
2007-02-13,88.47,11.53,0.00,0.00,0.00,0.00,12
2007-02-06,88.48,11.52,0.00,0.00,0.00,0.00,12
2007-01-30,90.79,9.21,0.00,0.00,0.00,0.00,9
2007-01-23,95.18,4.82,0.00,0.00,0.00,0.00,5
2007-01-16,94.22,5.78,0.00,0.00,0.00,0.00,6
2007-01-09,91.15,8.85,0.00,0.00,0.00,0.00,9
2007-01-02,86.56,13.44,0.00,0.00,0.00,0.00,13
2006-12-26,89.78,10.22,0.00,0.00,0.00,0.00,10
2006-12-19,89.78,10.22,0.00,0.00,0.00,0.00,10
2006-12-12,100.00,0.00,0.00,0.00,0.00,0.00,0
2006-12-05,100.00,0.00,0.00,0.00,0.00,0.00,0
2006-11-28,100.00,0.00,0.00,0.00,0.00,0.00,0
2006-11-21,100.00,0.00,0.00,0.00,0.00,0.00,0
2006-11-14,100.00,0.00,0.00,0.00,0.00,0.00,0
2006-11-07,100.00,0.00,0.00,0.00,0.00,0.00,0
2006-10-31,100.00,0.00,0.00,0.00,0.00,0.00,0
2006-10-24,100.00,0.00,0.00,0.00,0.00,0.00,0
2006-10-17,100.00,0.00,0.00,0.00,0.00,0.00,0
2006-10-10,100.00,0.00,0.00,0.00,0.00,0.00,0
2006-10-03,100.00,0.00,0.00,0.00,0.00,0.00,0
2006-09-26,100.00,0.00,0.00,0.00,0.00,0.00,0
2006-09-19,100.00,0.00,0.00,0.00,0.00,0.00,0
2006-09-12,100.00,0.00,0.00,0.00,0.00,0.00,0
2006-09-05,98.19,1.81,0.00,0.00,0.00,0.00,2
2006-08-29,88.89,9.18,1.93,0.00,0.00,0.00,13
2006-08-22,86.89,10.02,3.09,0.00,0.00,0.00,16
2006-08-15,95.33,4.67,0.00,0.00,0.00,0.00,5
2006-08-08,99.94,0.06,0.00,0.00,0.00,0.00,0
2006-08-01,100.00,0.00,0.00,0.00,0.00,0.00,0
2006-07-25,100.00,0.00,0.00,0.00,0.00,0.00,0
2006-07-18,100.00,0.00,0.00,0.00,0.00,0.00,0
2006-07-11,100.00,0.00,0.00,0.00,0.00,0.00,0
2006-07-04,100.00,0.00,0.00,0.00,0.00,0.00,0
2006-06-27,96.39,3.61,0.00,0.00,0.00,0.00,4
2006-06-20,79.13,19.71,1.16,0.00,0.00,0.00,22
2006-06-13,79.13,18.51,2.37,0.00,0.00,0.00,23
2006-06-06,81.35,18.65,0.00,0.00,0.00,0.00,19
2006-05-30,69.13,30.87,0.00,0.00,0.00,0.00,31
2006-05-23,73.54,26.46,0.00,0.00,0.00,0.00,26
2006-05-16,61.33,38.67,0.00,0.00,0.00,0.00,39
2006-05-09,41.40,58.22,0.38,0.00,0.00,0.00,59
2006-05-02,68.90,31.10,0.00,0.00,0.00,0.00,31
2006-04-25,71.24,28.76,0.00,0.00,0.00,0.00,29
2006-04-18,55.66,38.77,5.58,0.00,0.00,0.00,50
2006-04-11,54.19,43.94,1.87,0.00,0.00,0.00,48
2006-04-04,41.60,54.95,3.44,0.00,0.00,0.00,62
2006-03-28,56.77,39.78,3.44,0.00,0.00,0.00,47
2006-03-21,56.77,43.12,0.10,0.00,0.00,0.00,43
2006-03-14,85.26,14.67,0.08,0.00,0.00,0.00,15
2006-03-07,91.42,8.58,0.00,0.00,0.00,0.00,9
2006-02-28,92.56,7.44,0.00,0.00,0.00,0.00,7
2006-02-21,99.85,0.15,0.00,0.00,0.00,0.00,0
2006-02-14,99.85,0.15,0.00,0.00,0.00,0.00,0
2006-02-07,99.85,0.15,0.00,0.00,0.00,0.00,0
2006-01-31,99.85,0.15,0.00,0.00,0.00,0.00,0
2006-01-24,99.87,0.13,0.00,0.00,0.00,0.00,0
2006-01-17,99.14,0.78,0.08,0.00,0.00,0.00,1
2006-01-10,99.28,0.64,0.08,0.00,0.00,0.00,1
2006-01-03,99.28,0.64,0.08,0.00,0.00,0.00,1
2005-12-27,98.50,1.08,0.35,0.07,0.00,0.00,2
2005-12-20,98.50,1.08,0.35,0.07,0.00,0.00,2
2005-12-13,98.48,1.09,0.35,0.07,0.00,0.00,2
2005-12-06,98.40,1.18,0.35,0.07,0.00,0.00,2
2005-11-29,98.38,1.20,0.35,0.07,0.00,0.00,2
2005-11-22,98.36,1.19,0.44,0.01,0.00,0.00,2
2005-11-15,98.36,0.98,0.65,0.01,0.00,0.00,2
2005-11-08,89.71,9.64,0.65,0.01,0.00,0.00,11
2005-11-01,89.84,9.59,0.56,0.01,0.00,0.00,11
2005-10-25,86.89,12.54,0.56,0.01,0.00,0.00,14
2005-10-18,84.13,15.30,0.56,0.01,0.00,0.00,16
2005-10-11,82.32,17.11,0.57,0.01,0.00,0.00,18
2005-10-04,47.07,25.37,27.56,0.00,0.00,0.00,80
2005-09-27,51.65,24.94,23.41,0.00,0.00,0.00,72
2005-09-20,53.91,25.50,20.59,0.00,0.00,0.00,67
2005-09-13,52.72,40.33,6.95,0.00,0.00,0.00,54
2005-09-06,61.91,38.09,0.00,0.00,0.00,0.00,38
2005-08-30,64.90,27.81,7.29,0.00,0.00,0.00,42
2005-08-23,62.29,28.61,9.10,0.00,0.00,0.00,47
2005-08-16,60.00,32.34,7.66,0.00,0.00,0.00,48
2005-08-09,69.54,26.16,4.30,0.00,0.00,0.00,35
2005-08-02,81.53,18.47,0.00,0.00,0.00,0.00,18
2005-07-26,87.40,12.60,0.00,0.00,0.00,0.00,13
2005-07-19,86.74,13.26,0.00,0.00,0.00,0.00,13
2005-07-12,95.00,5.00,0.00,0.00,0.00,0.00,5
2005-07-05,73.86,20.91,5.24,0.00,0.00,0.00,31
2005-06-28,61.15,38.85,0.00,0.00,0.00,0.00,39
2005-06-21,85.44,14.56,0.00,0.00,0.00,0.00,15
2005-06-14,82.96,17.04,0.00,0.00,0.00,0.00,17
2005-06-07,80.44,19.56,0.00,0.00,0.00,0.00,20
2005-05-31,80.44,19.56,0.00,0.00,0.00,0.00,20
2005-05-24,95.47,4.53,0.00,0.00,0.00,0.00,5
2005-05-17,98.33,1.67,0.00,0.00,0.00,0.00,2
2005-05-10,100.00,0.00,0.00,0.00,0.00,0.00,0
2005-05-03,100.00,0.00,0.00,0.00,0.00,0.00,0
2005-04-26,100.00,0.00,0.00,0.00,0.00,0.00,0
2005-04-19,75.40,24.60,0.00,0.00,0.00,0.00,25
2005-04-12,100.00,0.00,0.00,0.00,0.00,0.00,0
2005-04-05,100.00,0.00,0.00,0.00,0.00,0.00,0
2005-03-29,100.00,0.00,0.00,0.00,0.00,0.00,0
2005-03-22,100.00,0.00,0.00,0.00,0.00,0.00,0
2005-03-15,100.00,0.00,0.00,0.00,0.00,0.00,0
2005-03-08,100.00,0.00,0.00,0.00,0.00,0.00,0
2005-03-01,100.00,0.00,0.00,0.00,0.00,0.00,0
2005-02-22,100.00,0.00,0.00,0.00,0.00,0.00,0
2005-02-15,100.00,0.00,0.00,0.00,0.00,0.00,0
2005-02-08,100.00,0.00,0.00,0.00,0.00,0.00,0
2005-02-01,100.00,0.00,0.00,0.00,0.00,0.00,0
2005-01-25,100.00,0.00,0.00,0.00,0.00,0.00,0
2005-01-18,100.00,0.00,0.00,0.00,0.00,0.00,0
2005-01-11,100.00,0.00,0.00,0.00,0.00,0.00,0
2005-01-04,100.00,0.00,0.00,0.00,0.00,0.00,0
2004-12-28,100.00,0.00,0.00,0.00,0.00,0.00,0
2004-12-21,100.00,0.00,0.00,0.00,0.00,0.00,0
2004-12-14,100.00,0.00,0.00,0.00,0.00,0.00,0
2004-12-07,100.00,0.00,0.00,0.00,0.00,0.00,0
2004-11-30,100.00,0.00,0.00,0.00,0.00,0.00,0
2004-11-23,77.64,22.36,0.00,0.00,0.00,0.00,22
2004-11-16,77.64,22.36,0.00,0.00,0.00,0.00,22
2004-11-09,100.00,0.00,0.00,0.00,0.00,0.00,0
2004-11-02,100.00,0.00,0.00,0.00,0.00,0.00,0
2004-10-26,100.00,0.00,0.00,0.00,0.00,0.00,0
2004-10-19,100.00,0.00,0.00,0.00,0.00,0.00,0
2004-10-12,100.00,0.00,0.00,0.00,0.00,0.00,0
2004-10-05,100.00,0.00,0.00,0.00,0.00,0.00,0
2004-09-28,100.00,0.00,0.00,0.00,0.00,0.00,0
2004-09-21,100.00,0.00,0.00,0.00,0.00,0.00,0
2004-09-14,100.00,0.00,0.00,0.00,0.00,0.00,0
2004-09-07,100.00,0.00,0.00,0.00,0.00,0.00,0
2004-08-31,100.00,0.00,0.00,0.00,0.00,0.00,0
2004-08-24,100.00,0.00,0.00,0.00,0.00,0.00,0
2004-08-17,100.00,0.00,0.00,0.00,0.00,0.00,0
2004-08-10,100.00,0.00,0.00,0.00,0.00,0.00,0
2004-08-03,93.82,6.18,0.00,0.00,0.00,0.00,6
2004-07-27,93.82,6.18,0.00,0.00,0.00,0.00,6
2004-07-20,92.60,7.40,0.00,0.00,0.00,0.00,7
2004-07-13,89.28,10.72,0.00,0.00,0.00,0.00,11
2004-07-06,95.50,4.50,0.00,0.00,0.00,0.00,5
2004-06-29,95.50,4.50,0.00,0.00,0.00,0.00,5
2004-06-22,100.00,0.00,0.00,0.00,0.00,0.00,0
2004-06-15,100.00,0.00,0.00,0.00,0.00,0.00,0
2004-06-08,100.00,0.00,0.00,0.00,0.00,0.00,0
2004-06-01,100.00,0.00,0.00,0.00,0.00,0.00,0
2004-05-25,100.00,0.00,0.00,0.00,0.00,0.00,0
2004-05-18,100.00,0.00,0.00,0.00,0.00,0.00,0
2004-05-11,100.00,0.00,0.00,0.00,0.00,0.00,0
2004-05-04,100.00,0.00,0.00,0.00,0.00,0.00,0
2004-04-27,100.00,0.00,0.00,0.00,0.00,0.00,0
2004-04-20,100.00,0.00,0.00,0.00,0.00,0.00,0
2004-04-13,100.00,0.00,0.00,0.00,0.00,0.00,0
2004-04-06,100.00,0.00,0.00,0.00,0.00,0.00,0
2004-03-30,85.92,14.08,0.00,0.00,0.00,0.00,14
2004-03-23,86.92,13.08,0.00,0.00,0.00,0.00,13
2004-03-16,86.84,13.16,0.00,0.00,0.00,0.00,13
2004-03-09,86.84,13.16,0.00,0.00,0.00,0.00,13
2004-03-02,100.00,0.00,0.00,0.00,0.00,0.00,0
2004-02-24,100.00,0.00,0.00,0.00,0.00,0.00,0
2004-02-17,100.00,0.00,0.00,0.00,0.00,0.00,0
2004-02-10,100.00,0.00,0.00,0.00,0.00,0.00,0
2004-02-03,100.00,0.00,0.00,0.00,0.00,0.00,0
2004-01-27,100.00,0.00,0.00,0.00,0.00,0.00,0
2004-01-20,100.00,0.00,0.00,0.00,0.00,0.00,0
2004-01-13,100.00,0.00,0.00,0.00,0.00,0.00,0
2004-01-06,100.00,0.00,0.00,0.00,0.00,0.00,0
2003-12-30,100.00,0.00,0.00,0.00,0.00,0.00,0
2003-12-23,100.00,0.00,0.00,0.00,0.00,0.00,0
2003-12-16,100.00,0.00,0.00,0.00,0.00,0.00,0
2003-12-09,100.00,0.00,0.00,0.00,0.00,0.00,0
2003-12-02,100.00,0.00,0.00,0.00,0.00,0.00,0
2003-11-25,100.00,0.00,0.00,0.00,0.00,0.00,0
2003-11-18,100.00,0.00,0.00,0.00,0.00,0.00,0
2003-11-11,100.00,0.00,0.00,0.00,0.00,0.00,0
2003-11-04,100.00,0.00,0.00,0.00,0.00,0.00,0
2003-10-28,100.00,0.00,0.00,0.00,0.00,0.00,0
2003-10-21,100.00,0.00,0.00,0.00,0.00,0.00,0
2003-10-14,100.00,0.00,0.00,0.00,0.00,0.00,0
2003-10-07,100.00,0.00,0.00,0.00,0.00,0.00,0
2003-09-30,84.98,15.02,0.00,0.00,0.00,0.00,15
2003-09-23,84.34,12.70,2.95,0.00,0.00,0.00,19
2003-09-16,86.92,9.95,3.14,0.00,0.00,0.00,16
2003-09-09,95.45,4.55,0.00,0.00,0.00,0.00,5
2003-09-02,95.20,4.80,0.00,0.00,0.00,0.00,5
2003-08-26,95.46,4.54,0.00,0.00,0.00,0.00,5
2003-08-19,96.01,3.99,0.00,0.00,0.00,0.00,4
2003-08-12,96.02,3.98,0.00,0.00,0.00,0.00,4
2003-08-05,89.91,10.09,0.00,0.00,0.00,0.00,10
2003-07-29,88.80,11.20,0.00,0.00,0.00,0.00,11
2003-07-22,84.09,12.17,3.74,0.00,0.00,0.00,20
2003-07-15,77.78,18.43,3.79,0.00,0.00,0.00,26
2003-07-08,77.79,18.52,3.69,0.00,0.00,0.00,26
2003-07-01,83.86,12.28,3.86,0.00,0.00,0.00,20
2003-06-24,88.54,7.37,4.09,0.00,0.00,0.00,16
2003-06-17,88.85,6.93,4.22,0.00,0.00,0.00,15
2003-06-10,83.68,10.25,6.07,0.00,0.00,0.00,22
2003-06-03,82.96,10.33,6.70,0.00,0.00,0.00,24
2003-05-27,79.99,13.42,6.59,0.00,0.00,0.00,27
2003-05-20,75.19,17.43,7.37,0.00,0.00,0.00,32
2003-05-13,77.90,15.14,6.96,0.00,0.00,0.00,29
2003-05-06,73.32,19.72,6.95,0.00,0.00,0.00,34
2003-04-29,74.01,18.01,7.98,0.00,0.00,0.00,34
2003-04-22,81.74,9.60,8.66,0.00,0.00,0.00,27
2003-04-15,83.10,9.37,7.53,0.00,0.00,0.00,24
2003-04-08,83.34,8.50,8.16,0.00,0.00,0.00,25
2003-04-01,78.35,13.28,8.37,0.00,0.00,0.00,30
2003-03-25,76.09,15.16,8.74,0.00,0.00,0.00,33
2003-03-18,75.14,15.93,8.92,0.00,0.00,0.00,34
2003-03-11,79.62,11.78,8.61,0.00,0.00,0.00,29
2003-03-04,79.82,11.32,8.87,0.00,0.00,0.00,29
2003-02-25,87.43,8.20,4.37,0.00,0.00,0.00,17
2003-02-18,87.46,8.28,4.26,0.00,0.00,0.00,17
2003-02-11,87.10,8.58,4.33,0.00,0.00,0.00,17
2003-02-04,87.36,8.28,4.36,0.00,0.00,0.00,17
2003-01-28,87.47,8.24,4.29,0.00,0.00,0.00,17
2003-01-21,86.87,8.77,4.35,0.00,0.00,0.00,17
2003-01-14,86.72,8.77,4.51,0.00,0.00,0.00,18
2003-01-07,90.95,6.58,2.47,0.00,0.00,0.00,12
2002-12-31,91.22,6.40,2.38,0.00,0.00,0.00,11
2002-12-24,90.68,7.04,2.28,0.00,0.00,0.00,12
2002-12-17,89.32,8.23,2.45,0.00,0.00,0.00,13
2002-12-10,84.43,13.01,2.56,0.00,0.00,0.00,18
2002-12-03,86.76,10.83,2.40,0.00,0.00,0.00,16
2002-11-26,86.13,10.96,2.91,0.00,0.00,0.00,17
2002-11-19,77.46,14.33,6.37,1.83,0.00,0.00,33
2002-11-12,68.30,18.06,11.83,1.81,0.00,0.00,47
2002-11-05,66.04,19.42,12.68,1.85,0.00,0.00,50
2002-10-29,61.06,20.07,12.96,5.91,0.00,0.00,64
2002-10-22,58.54,21.25,13.21,7.01,0.00,0.00,69
2002-10-15,36.10,34.44,17.37,9.99,2.09,0.00,108
2002-10-08,28.56,37.30,18.63,11.84,3.68,0.00,125
2002-10-01,29.79,38.28,19.89,10.40,1.64,0.00,116
2002-09-24,7.38,30.54,36.94,21.62,3.52,0.00,183
2002-09-17,2.59,34.16,36.11,25.00,2.15,0.00,190
2002-09-10,0.00,29.55,43.82,26.62,0.00,0.00,197
2002-09-03,12.33,45.55,24.15,17.97,0.00,0.00,148
2002-08-27,37.81,23.42,26.84,3.80,5.67,2.46,123
2002-08-20,25.12,45.18,17.40,3.70,5.85,2.75,128
2002-08-13,24.95,48.24,16.21,6.49,4.10,0.00,117
2002-08-06,28.15,47.71,13.39,6.82,3.93,0.00,111
2002-07-30,20.63,55.25,15.88,5.44,2.80,0.00,115
2002-07-23,14.74,67.29,10.19,5.48,2.30,0.00,113
2002-07-16,50.01,35.92,9.39,4.68,0.00,0.00,69
2002-07-09,55.84,32.17,7.46,4.52,0.00,0.00,61
2002-07-02,67.72,20.75,7.59,3.94,0.00,0.00,48
2002-06-25,66.72,21.70,7.46,4.11,0.00,0.00,49
2002-06-18,65.99,23.00,7.81,3.21,0.00,0.00,48
2002-06-11,62.23,23.36,10.87,3.55,0.00,0.00,56
2002-06-04,61.97,19.38,12.96,5.69,0.00,0.00,62
2002-05-28,60.11,14.89,17.95,7.05,0.00,0.00,72
2002-05-21,57.32,19.22,15.59,7.87,0.00,0.00,74
2002-05-14,52.55,10.17,17.08,20.21,0.00,0.00,105
2002-05-07,45.76,11.15,16.27,24.08,2.74,0.00,127
2002-04-30,45.77,11.18,13.79,23.49,5.77,0.00,132
2002-04-23,37.87,13.53,17.24,21.92,9.44,0.00,152
2002-04-16,37.09,10.51,15.30,27.23,9.87,0.00,162
2002-04-09,23.50,18.38,17.05,29.56,11.51,0.00,187
2002-04-02,24.00,18.47,17.80,28.29,11.44,0.00,185
2002-03-26,13.36,19.41,16.84,31.43,18.97,0.00,223
2002-03-19,12.95,17.83,17.70,32.22,19.31,0.00,227
2002-03-12,13.44,16.65,17.97,32.27,19.68,0.00,228
2002-03-05,14.26,19.53,16.60,34.73,14.88,0.00,216
2002-02-26,14.73,19.98,16.59,33.80,14.90,0.00,214
2002-02-19,14.70,20.43,20.45,30.32,14.10,0.00,209
2002-02-12,17.17,19.67,22.69,35.19,5.29,0.00,192
2002-02-05,18.49,25.62,22.82,28.03,5.04,0.00,176
2002-01-29,14.65,29.14,21.68,28.69,5.84,0.00,182
2002-01-22,26.66,21.72,21.76,24.27,5.58,0.00,160
2002-01-15,25.84,22.22,21.42,24.67,5.85,0.00,162
2002-01-08,23.47,25.33,19.64,21.70,9.86,0.00,169
2002-01-01,22.27,26.29,24.67,17.42,9.36,0.00,165
2001-12-25,21.99,27.25,24.51,16.75,9.50,0.00,165
2001-12-18,18.04,31.20,21.60,19.65,9.50,0.00,171
2001-12-11,15.03,31.20,37.74,16.03,0.00,0.00,155
2001-12-04,13.42,25.04,43.95,17.59,0.00,0.00,166
2001-11-27,13.42,26.70,43.85,16.03,0.00,0.00,162
2001-11-20,13.70,26.71,43.56,16.03,0.00,0.00,162
2001-11-13,13.70,35.38,39.05,11.87,0.00,0.00,149
2001-11-06,20.00,31.30,36.82,11.87,0.00,0.00,141
2001-10-30,24.06,35.54,31.95,8.45,0.00,0.00,125
2001-10-23,23.98,45.06,28.76,2.21,0.00,0.00,109
2001-10-16,47.10,26.04,24.97,1.89,0.00,0.00,82
2001-10-09,46.40,26.83,24.90,1.87,0.00,0.00,82
2001-10-02,53.35,24.37,20.40,1.87,0.00,0.00,71
2001-09-25,45.58,24.08,17.48,12.85,0.00,0.00,98
2001-09-18,25.64,39.16,21.84,13.35,0.00,0.00,123
2001-09-11,31.83,32.95,21.87,13.35,0.00,0.00,117
2001-09-04,37.21,37.36,15.08,10.35,0.00,0.00,99
2001-08-28,34.49,30.53,21.74,13.25,0.00,0.00,114
2001-08-21,43.00,28.87,21.03,7.09,0.00,0.00,92
2001-08-14,39.13,33.58,21.11,6.18,0.00,0.00,94
2001-08-07,38.57,49.46,11.97,0.00,0.00,0.00,73
2001-07-31,53.82,40.29,5.88,0.00,0.00,0.00,52
2001-07-24,70.43,26.32,3.25,0.00,0.00,0.00,33
2001-07-17,75.12,23.66,1.22,0.00,0.00,0.00,26
2001-07-10,68.82,29.51,1.67,0.00,0.00,0.00,33
2001-07-03,72.45,25.87,1.67,0.00,0.00,0.00,29
2001-06-26,79.47,18.85,1.67,0.00,0.00,0.00,22
2001-06-19,75.01,20.78,4.20,0.00,0.00,0.00,29
2001-06-12,66.93,27.96,5.11,0.00,0.00,0.00,38
2001-06-05,58.55,36.34,5.11,0.00,0.00,0.00,47
2001-05-29,14.24,52.37,33.40,0.00,0.00,0.00,119
2001-05-22,8.09,34.87,57.04,0.00,0.00,0.00,149
2001-05-15,9.98,60.16,25.35,4.21,0.30,0.00,125
2001-05-08,12.05,81.88,4.61,1.46,0.00,0.00,95
2001-05-01,94.04,3.54,2.41,0.00,0.00,0.00,8
2001-04-24,94.73,5.25,0.02,0.00,0.00,0.00,5
2001-04-17,91.23,8.75,0.02,0.00,0.00,0.00,9
2001-04-10,89.96,10.00,0.04,0.00,0.00,0.00,10
2001-04-03,81.59,18.37,0.04,0.00,0.00,0.00,18
2001-03-27,79.66,20.18,0.16,0.00,0.00,0.00,21
2001-03-20,87.48,12.27,0.25,0.00,0.00,0.00,13
2001-03-13,85.50,14.24,0.27,0.00,0.00,0.00,15
2001-03-06,85.52,14.21,0.27,0.00,0.00,0.00,15
2001-02-27,83.18,16.56,0.27,0.00,0.00,0.00,17
2001-02-20,85.59,14.15,0.27,0.00,0.00,0.00,15
2001-02-13,76.32,20.12,3.15,0.41,0.00,0.00,28
2001-02-06,76.28,23.03,0.69,0.00,0.00,0.00,24
2001-01-30,70.07,29.24,0.69,0.00,0.00,0.00,31
2001-01-23,69.12,30.19,0.69,0.00,0.00,0.00,32
2001-01-16,88.38,9.45,1.55,0.63,0.00,0.00,14
2001-01-09,90.35,7.47,1.55,0.63,0.00,0.00,12
2001-01-02,90.35,7.66,1.81,0.19,0.00,0.00,12
2000-12-26,90.35,7.66,1.81,0.19,0.00,0.00,12
2000-12-19,90.15,7.85,1.81,0.19,0.00,0.00,12
2000-12-12,76.66,17.28,4.93,1.12,0.00,0.00,31
2000-12-05,79.12,17.19,3.08,0.61,0.00,0.00,25
2000-11-28,80.61,18.78,0.61,0.00,0.00,0.00,20
2000-11-21,95.03,4.46,0.51,0.00,0.00,0.00,5
2000-11-14,94.22,4.75,1.03,0.00,0.00,0.00,7
2000-11-07,64.91,34.07,1.02,0.00,0.00,0.00,36
2000-10-31,83.33,15.72,0.95,0.00,0.00,0.00,18
2000-10-24,98.59,1.41,0.00,0.00,0.00,0.00,1
2000-10-17,98.29,1.71,0.00,0.00,0.00,0.00,2
2000-10-10,91.67,8.33,0.00,0.00,0.00,0.00,8
2000-10-03,88.51,11.49,0.00,0.00,0.00,0.00,11
2000-09-26,100.00,0.00,0.00,0.00,0.00,0.00,0
2000-09-19,100.00,0.00,0.00,0.00,0.00,0.00,0
2000-09-12,100.00,0.00,0.00,0.00,0.00,0.00,0
2000-09-05,100.00,0.00,0.00,0.00,0.00,0.00,0
2000-08-29,100.00,0.00,0.00,0.00,0.00,0.00,0
2000-08-22,100.00,0.00,0.00,0.00,0.00,0.00,0
2000-08-15,100.00,0.00,0.00,0.00,0.00,0.00,0
2000-08-08,100.00,0.00,0.00,0.00,0.00,0.00,0
2000-08-01,100.00,0.00,0.00,0.00,0.00,0.00,0
2000-07-25,100.00,0.00,0.00,0.00,0.00,0.00,0
2000-07-18,100.00,0.00,0.00,0.00,0.00,0.00,0
2000-07-11,100.00,0.00,0.00,0.00,0.00,0.00,0
2000-07-04,99.17,0.83,0.00,0.00,0.00,0.00,1
2000-06-27,96.41,2.96,0.63,0.00,0.00,0.00,4
2000-06-20,98.12,1.88,0.00,0.00,0.00,0.00,2
2000-06-13,98.33,1.67,0.00,0.00,0.00,0.00,2
2000-06-06,99.21,0.79,0.00,0.00,0.00,0.00,1
2000-05-30,99.21,0.79,0.00,0.00,0.00,0.00,1
2000-05-23,94.40,5.60,0.00,0.00,0.00,0.00,6
2000-05-16,94.36,5.64,0.00,0.00,0.00,0.00,6
2000-05-09,94.36,5.64,0.00,0.00,0.00,0.00,6
2000-05-02,94.23,5.77,0.00,0.00,0.00,0.00,6
2000-04-25,94.23,5.77,0.00,0.00,0.00,0.00,6
2000-04-18,89.88,10.12,0.00,0.00,0.00,0.00,10
2000-04-11,93.33,6.67,0.00,0.00,0.00,0.00,7
2000-04-04,89.36,10.64,0.00,0.00,0.00,0.00,11
2000-03-28,89.86,10.08,0.05,0.00,0.00,0.00,10
2000-03-21,92.98,6.80,0.21,0.00,0.00,0.00,7
2000-03-14,94.74,5.18,0.08,0.00,0.00,0.00,5
2000-03-07,94.80,5.12,0.08,0.00,0.00,0.00,5
2000-02-29,99.84,0.16,0.00,0.00,0.00,0.00,0
2000-02-22,99.70,0.30,0.00,0.00,0.00,0.00,0
2000-02-15,85.59,13.38,1.03,0.00,0.00,0.00,15
2000-02-08,85.70,13.27,1.03,0.00,0.00,0.00,15
2000-02-01,85.70,13.45,0.85,0.00,0.00,0.00,15
2000-01-25,84.04,14.66,1.30,0.00,0.00,0.00,17
2000-01-18,82.52,15.95,1.53,0.00,0.00,0.00,19
2000-01-11,82.73,15.74,1.53,0.00,0.00,0.00,19
2000-01-04,92.83,4.59,2.58,0.00,0.00,0.00,10
